url, QDM, FHIR
http://cts.nlm.nih.gov/fhir/ValueSet/2.16.840.1.113883.3.600.263,20240206,20240206
http://cts.nlm.nih.gov/fhir/ValueSet/2.16.840.1.113883.3.600.259, GROUPED,20250201
http://cts.nlm.nih.gov/fhir/ValueSet/2.16.840.1.113883.3.600.261, GROUPED,20210220
http://cts.nlm.nih.gov/fhir/ValueSet/2.16.840.1.113883.3.600.1515,20250205,20250205
http://cts.nlm.nih.gov/fhir/ValueSet/2.16.840.1.113883.3.600.1512, GROUPED,20250125
http://cts.nlm.nih.gov/fhir/ValueSet/2.16.840.1.113883.3.600.1511, GROUPED,20250205
http://cts.nlm.nih.gov/fhir/ValueSet/2.16.840.1.113762.1.4.1248.274, GROUPED,20250125
http://cts.nlm.nih.gov/fhir/ValueSet/2.16.840.1.113883.3.600.1920,20210220,20210220
http://cts.nlm.nih.gov/fhir/ValueSet/2.16.840.1.113883.3.600.1918, GROUPED,20240206
http://cts.nlm.nih.gov/fhir/ValueSet/2.16.840.1.113883.3.600.1497, GROUPED,20240206
http://cts.nlm.nih.gov/fhir/ValueSet/2.16.840.1.113883.3.464.1003.101.11.1125, GROUPED,20170504
http://cts.nlm.nih.gov/fhir/ValueSet/2.16.840.1.113883.3.600.192, GROUPED,20250205
http://cts.nlm.nih.gov/fhir/ValueSet/2.16.840.1.113883.3.464.1003.101.11.1115, GROUPED,20170504
http://cts.nlm.nih.gov/fhir/ValueSet/2.16.840.1.113883.3.600.2466, GROUPED,20220217
http://cts.nlm.nih.gov/fhir/ValueSet/2.16.840.1.113762.1.4.1047.514,20190313,20190313
http://cts.nlm.nih.gov/fhir/ValueSet/2.16.840.1.113883.3.600.2395, GROUPED,20250205
http://cts.nlm.nih.gov/fhir/ValueSet/2.16.840.1.113762.1.4.1047.512, GROUPED,20190313
http://cts.nlm.nih.gov/fhir/ValueSet/2.16.840.1.113762.1.4.1047.513, GROUPED,20200307
http://cts.nlm.nih.gov/fhir/ValueSet/2.16.840.1.113883.3.526.3.1578,20200307,20200307
http://cts.nlm.nih.gov/fhir/ValueSet/2.16.840.1.113883.3.600.1537, GROUPED,20170504
http://cts.nlm.nih.gov/fhir/ValueSet/2.16.840.1.113762.1.4.1108.125,20240125,20240125
http://cts.nlm.nih.gov/fhir/ValueSet/2.16.840.1.113762.1.4.1108.124, GROUPED,20240125
http://cts.nlm.nih.gov/fhir/ValueSet/2.16.840.1.113883.3.600.1482,20170504,20170504
http://cts.nlm.nih.gov/fhir/ValueSet/2.16.840.1.113883.3.600.2462, GROUPED,20250201
http://cts.nlm.nih.gov/fhir/ValueSet/2.16.840.1.113883.3.526.3.1581,20200307,20200307
http://cts.nlm.nih.gov/fhir/ValueSet/2.16.840.1.113883.3.600.1508, GROUPED,20250129
http://cts.nlm.nih.gov/fhir/ValueSet/2.16.840.1.113883.3.526.3.1007,20170504,20170504
http://cts.nlm.nih.gov/fhir/ValueSet/2.16.840.1.113883.3.526.2.313, GROUPED,20220226
http://cts.nlm.nih.gov/fhir/ValueSet/2.16.840.1.113883.3.526.3.1582,20200307,20200307
http://cts.nlm.nih.gov/fhir/ValueSet/2.16.840.1.113883.3.600.791, GROUPED,20250325
http://cts.nlm.nih.gov/fhir/ValueSet/2.16.840.1.113883.3.526.1577,20210220,20210220
http://cts.nlm.nih.gov/fhir/ValueSet/2.16.840.1.113883.3.600.1476, GROUPED,20250206
http://cts.nlm.nih.gov/fhir/ValueSet/2.16.840.1.113883.3.600.1518,20190313,20190313
http://cts.nlm.nih.gov/fhir/ValueSet/2.16.840.1.113883.3.600.810, GROUPED,20170504
http://cts.nlm.nih.gov/fhir/ValueSet/2.16.840.1.113883.3.600.1516, GROUPED,20170504
http://cts.nlm.nih.gov/fhir/ValueSet/2.16.840.1.113883.3.526.3.1583,20200307,20200307
http://cts.nlm.nih.gov/fhir/ValueSet/2.16.840.1.113883.3.600.823, GROUPED,20220218
http://cts.nlm.nih.gov/fhir/ValueSet/2.16.840.1.113883.3.526.3.1580,20210220,20210220
http://cts.nlm.nih.gov/fhir/ValueSet/2.16.840.1.113883.3.600.1475, GROUPED,20210220
http://cts.nlm.nih.gov/fhir/ValueSet/2.16.840.1.113883.3.600.1510,20210220,20210220
http://cts.nlm.nih.gov/fhir/ValueSet/2.16.840.1.113883.3.600.1509, GROUPED,20220218
http://cts.nlm.nih.gov/fhir/ValueSet/2.16.840.1.113883.3.600.805, GROUPED,20220218
http://cts.nlm.nih.gov/fhir/ValueSet/2.16.840.1.113883.3.600.1.1834,20210220,20210220
http://cts.nlm.nih.gov/fhir/ValueSet/2.16.840.1.113883.3.600.1.1917, GROUPED,20210220
http://cts.nlm.nih.gov/fhir/ValueSet/2.16.840.1.113883.3.600.1.1608, GROUPED,20250123
http://cts.nlm.nih.gov/fhir/ValueSet/2.16.840.1.113883.3.600.1.1609, GROUPED,20250205
http://cts.nlm.nih.gov/fhir/ValueSet/2.16.840.1.113883.3.117.1.7.1.200,20250206,20250206
http://cts.nlm.nih.gov/fhir/ValueSet/2.16.840.1.113883.3.117.1.7.1.203,20210220,20210220
http://cts.nlm.nih.gov/fhir/ValueSet/2.16.840.1.113883.3.117.1.7.1.242, GROUPED,20250206
http://cts.nlm.nih.gov/fhir/ValueSet/2.16.840.1.113883.3.117.1.7.1.243, GROUPED,20250206
http://cts.nlm.nih.gov/fhir/ValueSet/2.16.840.1.113883.3.117.1.7.1.202,20240209,20240209
http://cts.nlm.nih.gov/fhir/ValueSet/2.16.840.1.113883.3.117.1.7.1.245, GROUPED,20210220
http://cts.nlm.nih.gov/fhir/ValueSet/2.16.840.1.113883.3.117.1.7.1.246, GROUPED,20250206
http://cts.nlm.nih.gov/fhir/ValueSet/2.16.840.1.113883.3.117.1.7.1.87,20210611,20210611
http://cts.nlm.nih.gov/fhir/ValueSet/2.16.840.1.113883.3.117.1.7.1.207,20210611,20210611
http://cts.nlm.nih.gov/fhir/ValueSet/2.16.840.1.113883.3.117.1.7.1.209,20210220,20210220
http://cts.nlm.nih.gov/fhir/ValueSet/2.16.840.1.113762.1.4.1110.76,20221115,20221115
http://cts.nlm.nih.gov/fhir/ValueSet/2.16.840.1.113883.3.117.1.7.1.308,20210220,20210220
http://cts.nlm.nih.gov/fhir/ValueSet/2.16.840.1.113883.3.117.1.7.1.473,20220212,20220212
http://cts.nlm.nih.gov/fhir/ValueSet/2.16.840.1.113883.3.117.1.7.1.309,20210611,20210611
http://cts.nlm.nih.gov/fhir/ValueSet/2.16.840.1.113883.3.117.1.7.1.93,20250206,20250206
http://cts.nlm.nih.gov/fhir/ValueSet/2.16.840.1.113762.1.4.1110.62,20210409,20210409
http://cts.nlm.nih.gov/fhir/ValueSet/2.16.840.1.113883.3.117.1.7.1.201, GROUPED,20250206
http://cts.nlm.nih.gov/fhir/ValueSet/2.16.840.1.113762.1.4.1110.61, GROUPED,20250206
http://cts.nlm.nih.gov/fhir/ValueSet/2.16.840.1.113883.3.117.1.7.1.213,20210220,20210220
http://cts.nlm.nih.gov/fhir/ValueSet/2.16.840.1.113762.1.4.1110.21,20210220,20210220
http://cts.nlm.nih.gov/fhir/ValueSet/2.16.840.1.113762.1.4.1045.21,20210220,20210220
http://cts.nlm.nih.gov/fhir/ValueSet/2.16.840.1.113762.1.4.1045.15, GROUPED,20210220
http://cts.nlm.nih.gov/fhir/ValueSet/2.16.840.1.113762.1.4.1045.16, GROUPED,20210220
http://cts.nlm.nih.gov/fhir/ValueSet/2.16.840.1.113762.1.4.1110.56, GROUPED,20210220
http://cts.nlm.nih.gov/fhir/ValueSet/2.16.840.1.113762.1.4.1110.55, GROUPED,20210220
http://cts.nlm.nih.gov/fhir/ValueSet/2.16.840.1.113762.1.4.1110.52,20220219,20220219
http://cts.nlm.nih.gov/fhir/ValueSet/2.16.840.1.113762.1.4.1110.51, GROUPED,20210220
http://cts.nlm.nih.gov/fhir/ValueSet/2.16.840.1.113883.3.117.1.7.1.226,20210220,20210220
http://cts.nlm.nih.gov/fhir/ValueSet/2.16.840.1.113883.3.526.3.1240,20190315,20190315
http://cts.nlm.nih.gov/fhir/ValueSet/2.16.840.1.113883.3.526.2.1363, GROUPED,20231221
http://cts.nlm.nih.gov/fhir/ValueSet/2.16.840.1.113883.3.526.2.1772, GROUPED,20240206
http://cts.nlm.nih.gov/fhir/ValueSet/2.16.840.1.113883.3.464.1003.103.12.1001,20250115,20250115
http://cts.nlm.nih.gov/fhir/ValueSet/2.16.840.1.113883.3.464.1003.1273, GROUPED,20250205
http://cts.nlm.nih.gov/fhir/ValueSet/2.16.840.1.113883.3.464.1003.1272, GROUPED,20250115
http://cts.nlm.nih.gov/fhir/ValueSet/2.16.840.1.113883.3.464.1003.198.12.1013,20170504,20170504
http://cts.nlm.nih.gov/fhir/ValueSet/2.16.840.1.113883.3.464.1003.198.11.1024, GROUPED,20230210
http://cts.nlm.nih.gov/fhir/ValueSet/2.16.840.1.113883.3.464.1003.101.12.1016,20240110,20240110
http://cts.nlm.nih.gov/fhir/ValueSet/2.16.840.1.113883.3.464.1003.101.11.1265, GROUPED,20210220
http://cts.nlm.nih.gov/fhir/ValueSet/2.16.840.1.113883.3.464.1003.101.11.1080, GROUPED,20240210
http://cts.nlm.nih.gov/fhir/ValueSet/2.16.840.1.113883.3.464.1003.1006,20210819,20210819
http://cts.nlm.nih.gov/fhir/ValueSet/2.16.840.1.113883.3.464.1003.1004, GROUPED,20210924
http://cts.nlm.nih.gov/fhir/ValueSet/2.16.840.1.113883.3.464.1003.1005, GROUPED,20210819
http://cts.nlm.nih.gov/fhir/ValueSet/2.16.840.1.113883.3.464.1003.195.11.1003, GROUPED,20170504
http://cts.nlm.nih.gov/fhir/ValueSet/2.16.840.1.113883.3.464.1003.101.12.1001,20180310,20180310
http://cts.nlm.nih.gov/fhir/ValueSet/2.16.840.1.113883.3.464.1003.101.11.1005, GROUPED,20231116
http://cts.nlm.nih.gov/fhir/ValueSet/2.16.840.1.113883.3.464.1003.101.11.1264, GROUPED,20250118
http://cts.nlm.nih.gov/fhir/ValueSet/2.16.840.1.113883.3.464.1003.101.12.1025,20170504,20170504
http://cts.nlm.nih.gov/fhir/ValueSet/2.16.840.1.113883.3.464.1003.101.12.1023,20170504,20170504
http://cts.nlm.nih.gov/fhir/ValueSet/2.16.840.1.113883.3.464.1003.101.12.1080,20250205,20250205
http://cts.nlm.nih.gov/fhir/ValueSet/2.16.840.1.113883.3.464.1003.101.11.1260, GROUPED,20250205
http://cts.nlm.nih.gov/fhir/ValueSet/2.16.840.1.113883.3.464.1003.101.11.1287, GROUPED,20210220
http://cts.nlm.nih.gov/fhir/ValueSet/2.16.840.1.113883.3.464.1003.111.12.1016,20240106,20240106
http://cts.nlm.nih.gov/fhir/ValueSet/2.16.840.1.113883.3.464.1003.112.11.1025, GROUPED,20210915
http://cts.nlm.nih.gov/fhir/ValueSet/2.16.840.1.113883.3.464.1003.112.11.1024, GROUPED,20210220
http://cts.nlm.nih.gov/fhir/ValueSet/2.16.840.1.113883.3.464.1003.110.12.1059,20170504,20170504
http://cts.nlm.nih.gov/fhir/ValueSet/2.16.840.1.113883.3.464.1003.110.11.1135, GROUPED,20241106
http://cts.nlm.nih.gov/fhir/ValueSet/2.16.840.1.113883.3.464.1003.198.12.1014,20240112,20240112
http://cts.nlm.nih.gov/fhir/ValueSet/2.16.840.1.113883.3.464.1003.198.11.1135, GROUPED,20200310
http://cts.nlm.nih.gov/fhir/ValueSet/2.16.840.1.113883.3.464.1003.198.11.1027, GROUPED,20241107
http://cts.nlm.nih.gov/fhir/ValueSet/2.16.840.1.113883.3.464.1003.198.11.1026, GROUPED,20230207
http://cts.nlm.nih.gov/fhir/ValueSet/2.16.840.1.113883.3.464.1003.101.12.1089,20210224,20210224
http://cts.nlm.nih.gov/fhir/ValueSet/2.16.840.1.113883.3.464.1003.101.11.1281, GROUPED,20231116
http://cts.nlm.nih.gov/fhir/ValueSet/2.16.840.1.113883.3.464.1003.101.11.1282, GROUPED,20231116
http://cts.nlm.nih.gov/fhir/ValueSet/2.16.840.1.113883.3.464.1003.108.12.1017,20170504,20170504
http://cts.nlm.nih.gov/fhir/ValueSet/2.16.840.1.113883.3.464.1003.108.11.1044, GROUPED,20170504
http://cts.nlm.nih.gov/fhir/ValueSet/2.16.840.1.113883.3.464.1003.198.12.1005,20240105,20240105
http://cts.nlm.nih.gov/fhir/ValueSet/2.16.840.1.113883.3.464.1003.198.11.1140, GROUPED,20190315
http://cts.nlm.nih.gov/fhir/ValueSet/2.16.840.1.113883.3.464.1003.198.11.1005, GROUPED,20240206
http://cts.nlm.nih.gov/fhir/ValueSet/2.16.840.1.113883.3.464.1003.198.12.1068,20171219,20171219
http://cts.nlm.nih.gov/fhir/ValueSet/2.16.840.1.113883.3.464.1003.198.11.1084, GROUPED,20171219
http://cts.nlm.nih.gov/fhir/ValueSet/2.16.840.1.113883.3.464.1003.198.11.1085, GROUPED,20250109
http://cts.nlm.nih.gov/fhir/ValueSet/2.16.840.1.113883.3.464.1003.108.12.1018,20210304,20210304
http://cts.nlm.nih.gov/fhir/ValueSet/2.16.840.1.113883.3.464.1003.108.11.1047, GROUPED,20241107
http://cts.nlm.nih.gov/fhir/ValueSet/2.16.840.1.113883.3.464.1003.198.12.1069,20171216,20171216
http://cts.nlm.nih.gov/fhir/ValueSet/2.16.840.1.113883.3.464.1003.198.11.1086, GROUPED,20180310
http://cts.nlm.nih.gov/fhir/ValueSet/2.16.840.1.113883.3.464.1003.198.11.1091, GROUPED,20171216
http://cts.nlm.nih.gov/fhir/ValueSet/2.16.840.1.113883.3.464.1003.198.12.1070,20171216,20171216
http://cts.nlm.nih.gov/fhir/ValueSet/2.16.840.1.113883.3.464.1003.198.11.1092, GROUPED,20171216
http://cts.nlm.nih.gov/fhir/ValueSet/2.16.840.1.113883.3.464.1003.198.11.1087, GROUPED,20180310
http://cts.nlm.nih.gov/fhir/ValueSet/2.16.840.1.113883.3.464.1003.198.12.1133,20190315,20190315
http://cts.nlm.nih.gov/fhir/ValueSet/2.16.840.1.113883.3.464.1003.198.11.1144, GROUPED,20190315
http://cts.nlm.nih.gov/fhir/ValueSet/2.16.840.1.113883.3.464.1003.198.11.1132, GROUPED,20211020
http://cts.nlm.nih.gov/fhir/ValueSet/2.16.840.1.113883.3.464.1003.198.12.1134,20190315,20190315
http://cts.nlm.nih.gov/fhir/ValueSet/2.16.840.1.113883.3.464.1003.198.11.1145, GROUPED,20190315
http://cts.nlm.nih.gov/fhir/ValueSet/2.16.840.1.113883.3.464.1003.198.11.1133, GROUPED,20211020
http://cts.nlm.nih.gov/fhir/ValueSet/2.16.840.1.113883.3.464.1003.198.12.1071,20240112,20240112
http://cts.nlm.nih.gov/fhir/ValueSet/2.16.840.1.113883.3.464.1003.198.11.1090, GROUPED,20171216
http://cts.nlm.nih.gov/fhir/ValueSet/2.16.840.1.113883.3.464.1003.198.11.1089, GROUPED,20171216
http://cts.nlm.nih.gov/fhir/ValueSet/2.16.840.1.113883.3.464.1003.108.12.1020,20171219,20171219
http://cts.nlm.nih.gov/fhir/ValueSet/2.16.840.1.113883.3.464.1003.108.11.1051, GROUPED,20231116
http://cts.nlm.nih.gov/fhir/ValueSet/2.16.840.1.113883.3.464.1003.108.11.1053, GROUPED,20250205
http://cts.nlm.nih.gov/fhir/ValueSet/2.16.840.1.113883.3.464.1003.108.11.1052, GROUPED,20171219
http://cts.nlm.nih.gov/fhir/ValueSet/2.16.840.1.113883.3.464.1003.108.12.1038,20190315,20190315
http://cts.nlm.nih.gov/fhir/ValueSet/2.16.840.1.113883.3.464.1003.118.11.1097, GROUPED,20190315
http://cts.nlm.nih.gov/fhir/ValueSet/2.16.840.1.113883.3.464.1003.198.12.1011,20171219,20171219
http://cts.nlm.nih.gov/fhir/ValueSet/2.16.840.1.113883.3.464.1003.198.11.1020, GROUPED,20171219
http://cts.nlm.nih.gov/fhir/ValueSet/2.16.840.1.113883.3.464.1003.108.12.1039,20171219,20171219
http://cts.nlm.nih.gov/fhir/ValueSet/2.16.840.1.113883.3.464.1003.108.11.1145, GROUPED,20171219
http://cts.nlm.nih.gov/fhir/ValueSet/2.16.840.1.113883.3.464.1003.198.12.1010,20171219,20171219
http://cts.nlm.nih.gov/fhir/ValueSet/2.16.840.1.113883.3.464.1003.198.11.1017, GROUPED,20240207
http://cts.nlm.nih.gov/fhir/ValueSet/2.16.840.1.113883.3.464.1003.198.11.1015, GROUPED,20230207
http://cts.nlm.nih.gov/fhir/ValueSet/2.16.840.1.113883.3.464.1003.198.11.1016, GROUPED,20171219
http://cts.nlm.nih.gov/fhir/ValueSet/2.16.840.1.113883.3.464.1003.108.12.1001,20240112,20240112
http://cts.nlm.nih.gov/fhir/ValueSet/2.16.840.1.113883.3.464.1003.108.11.1001, GROUPED,20241106
http://cts.nlm.nih.gov/fhir/ValueSet/2.16.840.1.113883.3.464.1003.108.11.1003, GROUPED,20230211
http://cts.nlm.nih.gov/fhir/ValueSet/2.16.840.1.113883.3.464.1003.198.12.1019,20240112,20240112
http://cts.nlm.nih.gov/fhir/ValueSet/2.16.840.1.113883.3.464.1003.198.11.1143, GROUPED,20190315
http://cts.nlm.nih.gov/fhir/ValueSet/2.16.840.1.113883.3.464.1003.198.11.1036, GROUPED,20210220
http://cts.nlm.nih.gov/fhir/ValueSet/2.16.840.1.113883.3.464.1003.198.11.1035, GROUPED,20240207
http://cts.nlm.nih.gov/fhir/ValueSet/2.16.840.1.113883.3.526.3.1241,20210210,20210210
http://cts.nlm.nih.gov/fhir/ValueSet/2.16.840.1.113883.3.526.2.1509, GROUPED,20250125
http://cts.nlm.nih.gov/fhir/ValueSet/2.16.840.1.113883.3.526.2.1344, GROUPED,20250125
http://cts.nlm.nih.gov/fhir/ValueSet/2.16.840.1.113883.3.526.3.1448,20210210,20210210
http://cts.nlm.nih.gov/fhir/ValueSet/2.16.840.1.113883.3.526.2.1626, GROUPED,20210210
http://cts.nlm.nih.gov/fhir/ValueSet/2.16.840.1.113883.3.526.2.1628, GROUPED,20250125
http://cts.nlm.nih.gov/fhir/ValueSet/2.16.840.1.113883.3.526.3.1560,20210210,20210210
http://cts.nlm.nih.gov/fhir/ValueSet/2.16.840.1.113883.3.526.2.1781, GROUPED,20210210
http://cts.nlm.nih.gov/fhir/ValueSet/2.16.840.1.113883.3.526.3.1409,20210210,20210210
http://cts.nlm.nih.gov/fhir/ValueSet/2.16.840.1.113883.3.526.2.1523, GROUPED,20210210
http://cts.nlm.nih.gov/fhir/ValueSet/2.16.840.1.113883.3.526.2.1521, GROUPED,20250125
http://cts.nlm.nih.gov/fhir/ValueSet/2.16.840.1.113883.3.526.3.1412,20210210,20210210
http://cts.nlm.nih.gov/fhir/ValueSet/2.16.840.1.113883.3.526.2.1530, GROUPED,20250125
http://cts.nlm.nih.gov/fhir/ValueSet/2.16.840.1.113883.3.526.2.1529, GROUPED,20210210
http://cts.nlm.nih.gov/fhir/ValueSet/2.16.840.1.113883.3.526.3.1413,20210210,20210210
http://cts.nlm.nih.gov/fhir/ValueSet/2.16.840.1.113883.3.526.2.1534, GROUPED,20250125
http://cts.nlm.nih.gov/fhir/ValueSet/2.16.840.1.113883.3.526.2.1532, GROUPED,20250125
http://cts.nlm.nih.gov/fhir/ValueSet/2.16.840.1.113883.3.526.3.1414,20210210,20210210
http://cts.nlm.nih.gov/fhir/ValueSet/2.16.840.1.113883.3.526.2.1537, GROUPED,20210210
http://cts.nlm.nih.gov/fhir/ValueSet/2.16.840.1.113883.3.526.2.1535, GROUPED,20250125
http://cts.nlm.nih.gov/fhir/ValueSet/2.16.840.1.113883.3.526.3.1410,20210210,20210210
http://cts.nlm.nih.gov/fhir/ValueSet/2.16.840.1.113883.3.526.2.1524, GROUPED,20250125
http://cts.nlm.nih.gov/fhir/ValueSet/2.16.840.1.113883.3.526.2.1526, GROUPED,20210210
http://cts.nlm.nih.gov/fhir/ValueSet/2.16.840.1.113883.3.526.3.1411,20210210,20210210
http://cts.nlm.nih.gov/fhir/ValueSet/2.16.840.1.113883.3.526.2.1527, GROUPED,20250125
http://cts.nlm.nih.gov/fhir/ValueSet/2.16.840.1.113883.3.526.2.1528, GROUPED,20250125
http://cts.nlm.nih.gov/fhir/ValueSet/2.16.840.1.113883.3.526.3.1428,20210210,20210210
http://cts.nlm.nih.gov/fhir/ValueSet/2.16.840.1.113883.3.526.2.1578, GROUPED,20210210
http://cts.nlm.nih.gov/fhir/ValueSet/2.16.840.1.113883.3.526.2.1577, GROUPED,20250125
http://cts.nlm.nih.gov/fhir/ValueSet/2.16.840.1.113883.3.526.3.1415,20210210,20210210
http://cts.nlm.nih.gov/fhir/ValueSet/2.16.840.1.113883.3.526.2.1538, GROUPED,20250125
http://cts.nlm.nih.gov/fhir/ValueSet/2.16.840.1.113883.3.526.2.1540, GROUPED,20210210
http://cts.nlm.nih.gov/fhir/ValueSet/2.16.840.1.113883.3.526.3.1450,20210210,20210210
http://cts.nlm.nih.gov/fhir/ValueSet/2.16.840.1.113883.3.526.2.1632, GROUPED,20250125
http://cts.nlm.nih.gov/fhir/ValueSet/2.16.840.1.113883.3.526.2.1634, GROUPED,20250125
http://cts.nlm.nih.gov/fhir/ValueSet/2.16.840.1.113883.3.526.3.1451,20210210,20210210
http://cts.nlm.nih.gov/fhir/ValueSet/2.16.840.1.113883.3.526.2.1637, GROUPED,20250125
http://cts.nlm.nih.gov/fhir/ValueSet/2.16.840.1.113883.3.526.2.1635, GROUPED,20241228
http://cts.nlm.nih.gov/fhir/ValueSet/2.16.840.1.113883.3.526.3.1452,20210210,20210210
http://cts.nlm.nih.gov/fhir/ValueSet/2.16.840.1.113883.3.526.2.1640, GROUPED,20250125
http://cts.nlm.nih.gov/fhir/ValueSet/2.16.840.1.113883.3.526.2.1638, GROUPED,20210210
http://cts.nlm.nih.gov/fhir/ValueSet/2.16.840.1.113883.3.526.3.1416,20210210,20210210
http://cts.nlm.nih.gov/fhir/ValueSet/2.16.840.1.113883.3.526.2.1542, GROUPED,20250125
http://cts.nlm.nih.gov/fhir/ValueSet/2.16.840.1.113883.3.526.2.1543, GROUPED,20250125
http://cts.nlm.nih.gov/fhir/ValueSet/2.16.840.1.113883.3.526.3.1417,20210210,20210210
http://cts.nlm.nih.gov/fhir/ValueSet/2.16.840.1.113883.3.526.2.1546, GROUPED,20210210
http://cts.nlm.nih.gov/fhir/ValueSet/2.16.840.1.113883.3.526.2.1544, GROUPED,20210210
http://cts.nlm.nih.gov/fhir/ValueSet/2.16.840.1.113883.3.526.3.1418,20210210,20210210
http://cts.nlm.nih.gov/fhir/ValueSet/2.16.840.1.113883.3.526.2.1549, GROUPED,20210210
http://cts.nlm.nih.gov/fhir/ValueSet/2.16.840.1.113883.3.526.2.1548, GROUPED,20210210
http://cts.nlm.nih.gov/fhir/ValueSet/2.16.840.1.113883.3.526.3.1453,20210210,20210210
http://cts.nlm.nih.gov/fhir/ValueSet/2.16.840.1.113883.3.526.2.1643, GROUPED,20250125
http://cts.nlm.nih.gov/fhir/ValueSet/2.16.840.1.113883.3.526.2.1641, GROUPED,20210210
http://cts.nlm.nih.gov/fhir/ValueSet/2.16.840.1.113883.3.526.3.1454,20210214,20210214
http://cts.nlm.nih.gov/fhir/ValueSet/2.16.840.1.113883.3.526.2.1646, GROUPED,20250125
http://cts.nlm.nih.gov/fhir/ValueSet/2.16.840.1.113883.3.526.2.1644, GROUPED,20210214
http://cts.nlm.nih.gov/fhir/ValueSet/2.16.840.1.113883.3.526.3.1455,20210214,20210214
http://cts.nlm.nih.gov/fhir/ValueSet/2.16.840.1.113883.3.526.2.1649, GROUPED,20250125
http://cts.nlm.nih.gov/fhir/ValueSet/2.16.840.1.113883.3.526.2.1647, GROUPED,20250125
http://cts.nlm.nih.gov/fhir/ValueSet/2.16.840.1.113883.3.526.3.327,20210218,20210218
http://cts.nlm.nih.gov/fhir/ValueSet/2.16.840.1.113883.3.526.2.76, GROUPED,20210218
http://cts.nlm.nih.gov/fhir/ValueSet/2.16.840.1.113883.3.526.2.80, GROUPED,20250125
http://cts.nlm.nih.gov/fhir/ValueSet/2.16.840.1.113883.3.526.3.1419,20210210,20210210
http://cts.nlm.nih.gov/fhir/ValueSet/2.16.840.1.113883.3.526.2.1552, GROUPED,20210210
http://cts.nlm.nih.gov/fhir/ValueSet/2.16.840.1.113883.3.526.2.1550, GROUPED,20250125
http://cts.nlm.nih.gov/fhir/ValueSet/2.16.840.1.113883.3.526.3.1457,20210214,20210214
http://cts.nlm.nih.gov/fhir/ValueSet/2.16.840.1.113883.3.526.2.1653, GROUPED,20210214
http://cts.nlm.nih.gov/fhir/ValueSet/2.16.840.1.113883.3.526.2.1655, GROUPED,20250125
http://cts.nlm.nih.gov/fhir/ValueSet/2.16.840.1.113883.3.526.3.1458,20210214,20210214
http://cts.nlm.nih.gov/fhir/ValueSet/2.16.840.1.113883.3.526.2.1656, GROUPED,20210406
http://cts.nlm.nih.gov/fhir/ValueSet/2.16.840.1.113883.3.526.2.1658, GROUPED,20250125
http://cts.nlm.nih.gov/fhir/ValueSet/2.16.840.1.113883.3.526.3.1459,20210214,20210214
http://cts.nlm.nih.gov/fhir/ValueSet/2.16.840.1.113883.3.526.2.1661, GROUPED,20210214
http://cts.nlm.nih.gov/fhir/ValueSet/2.16.840.1.113883.3.526.2.1659, GROUPED,20210214
http://cts.nlm.nih.gov/fhir/ValueSet/2.16.840.1.113883.3.526.3.1460,20210214,20210214
http://cts.nlm.nih.gov/fhir/ValueSet/2.16.840.1.113883.3.526.2.1662, GROUPED,20210214
http://cts.nlm.nih.gov/fhir/ValueSet/2.16.840.1.113883.3.526.2.1664, GROUPED,20250125
http://cts.nlm.nih.gov/fhir/ValueSet/2.16.840.1.113883.3.526.3.1423,20210218,20210218
http://cts.nlm.nih.gov/fhir/ValueSet/2.16.840.1.113883.3.526.2.1562, GROUPED,20250125
http://cts.nlm.nih.gov/fhir/ValueSet/2.16.840.1.113883.3.526.2.1561, GROUPED,20210218
http://cts.nlm.nih.gov/fhir/ValueSet/2.16.840.1.113883.3.526.3.1461,20210214,20210214
http://cts.nlm.nih.gov/fhir/ValueSet/2.16.840.1.113883.3.526.2.1665, GROUPED,20210214
http://cts.nlm.nih.gov/fhir/ValueSet/2.16.840.1.113883.3.526.2.1667, GROUPED,20250125
http://cts.nlm.nih.gov/fhir/ValueSet/2.16.840.1.113883.3.526.3.1462,20210214,20210214
http://cts.nlm.nih.gov/fhir/ValueSet/2.16.840.1.113883.3.526.2.1670, GROUPED,20250125
http://cts.nlm.nih.gov/fhir/ValueSet/2.16.840.1.113883.3.526.2.1668, GROUPED,20210214
http://cts.nlm.nih.gov/fhir/ValueSet/2.16.840.1.113883.3.526.3.1424,20210214,20210214
http://cts.nlm.nih.gov/fhir/ValueSet/2.16.840.1.113883.3.526.2.1564, GROUPED,20250125
http://cts.nlm.nih.gov/fhir/ValueSet/2.16.840.1.113883.3.526.2.1566, GROUPED,20210214
http://cts.nlm.nih.gov/fhir/ValueSet/2.16.840.1.113883.3.526.3.1463,20210219,20210219
http://cts.nlm.nih.gov/fhir/ValueSet/2.16.840.1.113883.3.526.2.1671, GROUPED,20240209
http://cts.nlm.nih.gov/fhir/ValueSet/2.16.840.1.113883.3.526.2.1673, GROUPED,20250125
http://cts.nlm.nih.gov/fhir/ValueSet/2.16.840.1.113883.3.526.3.1426,20210214,20210214
http://cts.nlm.nih.gov/fhir/ValueSet/2.16.840.1.113883.3.526.2.1572, GROUPED,20210214
http://cts.nlm.nih.gov/fhir/ValueSet/2.16.840.1.113883.3.526.2.1571, GROUPED,20250125
http://cts.nlm.nih.gov/fhir/ValueSet/2.16.840.1.113883.3.526.3.1427,20210214,20210214
http://cts.nlm.nih.gov/fhir/ValueSet/2.16.840.1.113883.3.526.2.1574, GROUPED,20250125
http://cts.nlm.nih.gov/fhir/ValueSet/2.16.840.1.113883.3.526.2.1575, GROUPED,20210214
http://cts.nlm.nih.gov/fhir/ValueSet/2.16.840.1.113883.3.526.3.1559,20210218,20210218
http://cts.nlm.nih.gov/fhir/ValueSet/2.16.840.1.113883.3.526.2.1770, GROUPED,20250125
http://cts.nlm.nih.gov/fhir/ValueSet/2.16.840.1.113883.3.526.2.1769, GROUPED,20210214
http://cts.nlm.nih.gov/fhir/ValueSet/2.16.840.1.113883.3.526.3.1558,20210214,20210214
http://cts.nlm.nih.gov/fhir/ValueSet/2.16.840.1.113883.3.526.2.1767, GROUPED,20210214
http://cts.nlm.nih.gov/fhir/ValueSet/2.16.840.1.113883.3.526.2.1766, GROUPED,20210214
http://cts.nlm.nih.gov/fhir/ValueSet/2.16.840.1.113883.3.526.3.1465,20210308,20210308
http://cts.nlm.nih.gov/fhir/ValueSet/2.16.840.1.113883.3.526.2.1679, GROUPED,20250125
http://cts.nlm.nih.gov/fhir/ValueSet/2.16.840.1.113883.3.526.2.1677, GROUPED,20210308
http://cts.nlm.nih.gov/fhir/ValueSet/2.16.840.1.113883.3.526.3.1430,20210406,20210406
http://cts.nlm.nih.gov/fhir/ValueSet/2.16.840.1.113883.3.526.2.1582, GROUPED,20250125
http://cts.nlm.nih.gov/fhir/ValueSet/2.16.840.1.113883.3.526.2.1583, GROUPED,20250125
http://cts.nlm.nih.gov/fhir/ValueSet/2.16.840.1.113883.3.526.3.1466,20210218,20210218
http://cts.nlm.nih.gov/fhir/ValueSet/2.16.840.1.113883.3.526.2.1680, GROUPED,20210218
http://cts.nlm.nih.gov/fhir/ValueSet/2.16.840.1.113883.3.526.2.1682, GROUPED,20250125
http://cts.nlm.nih.gov/fhir/ValueSet/2.16.840.1.113883.3.526.3.1467,20210218,20210218
http://cts.nlm.nih.gov/fhir/ValueSet/2.16.840.1.113883.3.526.2.1683, GROUPED,20210218
http://cts.nlm.nih.gov/fhir/ValueSet/2.16.840.1.113883.3.526.2.1685, GROUPED,20220218
http://cts.nlm.nih.gov/fhir/ValueSet/2.16.840.1.113883.3.526.3.1468,20210219,20210219
http://cts.nlm.nih.gov/fhir/ValueSet/2.16.840.1.113883.3.526.2.1686, GROUPED,20210219
http://cts.nlm.nih.gov/fhir/ValueSet/2.16.840.1.113883.3.526.2.1688, GROUPED,20250125
http://cts.nlm.nih.gov/fhir/ValueSet/2.16.840.1.113883.3.526.3.1469,20210218,20210218
http://cts.nlm.nih.gov/fhir/ValueSet/2.16.840.1.113883.3.526.2.1689, GROUPED,20210218
http://cts.nlm.nih.gov/fhir/ValueSet/2.16.840.1.113883.3.526.2.1691, GROUPED,20250125
http://cts.nlm.nih.gov/fhir/ValueSet/2.16.840.1.113883.3.526.3.1471,20210218,20210218
http://cts.nlm.nih.gov/fhir/ValueSet/2.16.840.1.113883.3.526.2.1695, GROUPED,20210218
http://cts.nlm.nih.gov/fhir/ValueSet/2.16.840.1.113883.3.526.2.1697, GROUPED,20250125
http://cts.nlm.nih.gov/fhir/ValueSet/2.16.840.1.113883.3.526.3.1473,20210218,20210218
http://cts.nlm.nih.gov/fhir/ValueSet/2.16.840.1.113883.3.526.2.1703, GROUPED,20250125
http://cts.nlm.nih.gov/fhir/ValueSet/2.16.840.1.113883.3.526.2.1701, GROUPED,20210218
http://cts.nlm.nih.gov/fhir/ValueSet/2.16.840.1.113883.3.526.3.1480,20210218,20210218
http://cts.nlm.nih.gov/fhir/ValueSet/2.16.840.1.113883.3.526.2.1722, GROUPED,20210218
http://cts.nlm.nih.gov/fhir/ValueSet/2.16.840.1.113883.3.526.2.1724, GROUPED,20250125
http://cts.nlm.nih.gov/fhir/ValueSet/2.16.840.1.113883.3.526.3.1432,20210218,20210218
http://cts.nlm.nih.gov/fhir/ValueSet/2.16.840.1.113883.3.526.2.1587, GROUPED,20250125
http://cts.nlm.nih.gov/fhir/ValueSet/2.16.840.1.113883.3.526.2.1588, GROUPED,20210218
http://cts.nlm.nih.gov/fhir/ValueSet/2.16.840.1.113883.3.526.3.1433,20210314,20210314
http://cts.nlm.nih.gov/fhir/ValueSet/2.16.840.1.113883.3.526.2.1590, GROUPED,20250125
http://cts.nlm.nih.gov/fhir/ValueSet/2.16.840.1.113883.3.526.2.1591, GROUPED,20210218
http://cts.nlm.nih.gov/fhir/ValueSet/2.16.840.1.113883.3.526.3.1475,20210218,20210218
http://cts.nlm.nih.gov/fhir/ValueSet/2.16.840.1.113883.3.526.2.1707, GROUPED,20210218
http://cts.nlm.nih.gov/fhir/ValueSet/2.16.840.1.113883.3.526.2.1709, GROUPED,20210218
http://cts.nlm.nih.gov/fhir/ValueSet/2.16.840.1.113883.3.526.3.1477,20210218,20210218
http://cts.nlm.nih.gov/fhir/ValueSet/2.16.840.1.113883.3.526.2.1713, GROUPED,20210218
http://cts.nlm.nih.gov/fhir/ValueSet/2.16.840.1.113883.3.526.2.1715, GROUPED,20250125
http://cts.nlm.nih.gov/fhir/ValueSet/2.16.840.1.113883.3.526.3.1478,20210218,20210218
http://cts.nlm.nih.gov/fhir/ValueSet/2.16.840.1.113883.3.526.2.1716, GROUPED,20220218
http://cts.nlm.nih.gov/fhir/ValueSet/2.16.840.1.113883.3.526.2.1718, GROUPED,20250125
http://cts.nlm.nih.gov/fhir/ValueSet/2.16.840.1.113883.3.526.3.1479,20210218,20210218
http://cts.nlm.nih.gov/fhir/ValueSet/2.16.840.1.113883.3.526.2.1719, GROUPED,20210218
http://cts.nlm.nih.gov/fhir/ValueSet/2.16.840.1.113883.3.526.2.1721, GROUPED,20250208
http://cts.nlm.nih.gov/fhir/ValueSet/2.16.840.1.113883.3.526.3.1438,20210218,20210218
http://cts.nlm.nih.gov/fhir/ValueSet/2.16.840.1.113883.3.526.2.1601, GROUPED,20250125
http://cts.nlm.nih.gov/fhir/ValueSet/2.16.840.1.113883.3.526.2.1603, GROUPED,20210218
http://cts.nlm.nih.gov/fhir/ValueSet/2.16.840.1.113762.1.4.1226.1,20210308,20210308
http://cts.nlm.nih.gov/fhir/ValueSet/2.16.840.1.113762.1.4.1226.2, GROUPED,20210218
http://cts.nlm.nih.gov/fhir/ValueSet/2.16.840.1.113762.1.4.1226.3, GROUPED,20250125
http://cts.nlm.nih.gov/fhir/ValueSet/2.16.840.1.113883.3.526.3.1482,20210218,20210218
http://cts.nlm.nih.gov/fhir/ValueSet/2.16.840.1.113883.3.526.2.1730, GROUPED,20250125
http://cts.nlm.nih.gov/fhir/ValueSet/2.16.840.1.113883.3.526.2.1728, GROUPED,20210218
http://cts.nlm.nih.gov/fhir/ValueSet/2.16.840.1.113883.3.526.3.1443,20210219,20210219
http://cts.nlm.nih.gov/fhir/ValueSet/2.16.840.1.113883.3.526.2.1613, GROUPED,20250125
http://cts.nlm.nih.gov/fhir/ValueSet/2.16.840.1.113883.3.526.2.1612, GROUPED,20210219
http://cts.nlm.nih.gov/fhir/ValueSet/2.16.840.1.113883.3.526.3.1444,20210219,20210219
http://cts.nlm.nih.gov/fhir/ValueSet/2.16.840.1.113883.3.526.2.1617, GROUPED,20210219
http://cts.nlm.nih.gov/fhir/ValueSet/2.16.840.1.113883.3.526.2.1615, GROUPED,20250125
http://cts.nlm.nih.gov/fhir/ValueSet/2.16.840.1.113883.3.526.3.1445,20210214,20210214
http://cts.nlm.nih.gov/fhir/ValueSet/2.16.840.1.113883.3.526.2.1620, GROUPED,20210214
http://cts.nlm.nih.gov/fhir/ValueSet/2.16.840.1.113883.3.526.2.1618, GROUPED,20250125
http://cts.nlm.nih.gov/fhir/ValueSet/2.16.840.1.113883.3.526.3.1483,20210214,20210214
http://cts.nlm.nih.gov/fhir/ValueSet/2.16.840.1.113883.3.526.2.1731, GROUPED,20210214
http://cts.nlm.nih.gov/fhir/ValueSet/2.16.840.1.113883.3.526.3.1446,20210220,20210220
http://cts.nlm.nih.gov/fhir/ValueSet/2.16.840.1.113883.3.526.2.1623, GROUPED,20220218
http://cts.nlm.nih.gov/fhir/ValueSet/2.16.840.1.113883.3.526.2.1621, GROUPED,20250125
http://cts.nlm.nih.gov/fhir/ValueSet/2.16.840.1.113883.3.526.3.1489,20230217,20230217
http://cts.nlm.nih.gov/fhir/ValueSet/2.16.840.1.113883.3.526.2.1926, GROUPED,20230217
http://cts.nlm.nih.gov/fhir/ValueSet/2.16.840.1.113883.3.526.3.1139,20210218,20210218
http://cts.nlm.nih.gov/fhir/ValueSet/2.16.840.1.113883.3.526.2.39, GROUPED,20220218
http://cts.nlm.nih.gov/fhir/ValueSet/2.16.840.1.113883.3.526.3.1211,20170908,20170908
http://cts.nlm.nih.gov/fhir/ValueSet/2.16.840.1.113883.3.526.2.1256, GROUPED,20240202
http://cts.nlm.nih.gov/fhir/ValueSet/2.16.840.1.113883.3.526.3.1212,20170504,20170504
http://cts.nlm.nih.gov/fhir/ValueSet/2.16.840.1.113883.3.526.2.1257, GROUPED,20240202
http://cts.nlm.nih.gov/fhir/ValueSet/2.16.840.1.113883.3.526.3.1008,20170504,20170504
http://cts.nlm.nih.gov/fhir/ValueSet/2.16.840.1.113883.3.526.2.311, GROUPED,20250208
http://cts.nlm.nih.gov/fhir/ValueSet/2.16.840.1.113883.3.526.3.1140,20170504,20170504
http://cts.nlm.nih.gov/fhir/ValueSet/2.16.840.1.113883.3.526.2.305, GROUPED,20170504
http://cts.nlm.nih.gov/fhir/ValueSet/2.16.840.1.113883.3.526.3.378,20210218,20210218
http://cts.nlm.nih.gov/fhir/ValueSet/2.16.840.1.113883.3.526.2.532, GROUPED,20250128
http://cts.nlm.nih.gov/fhir/ValueSet/2.16.840.1.113883.3.526.2.242, GROUPED,20240202
http://cts.nlm.nih.gov/fhir/ValueSet/2.16.840.1.113883.3.526.3.1090,20170504,20170504
http://cts.nlm.nih.gov/fhir/ValueSet/2.16.840.1.113883.3.526.2.861, GROUPED,20170504
http://cts.nlm.nih.gov/fhir/ValueSet/2.16.840.1.113883.3.464.1003.101.12.1014,20240203,20240203
http://cts.nlm.nih.gov/fhir/ValueSet/2.16.840.1.113883.3.464.1003.101.11.1262, GROUPED,20180310
http://cts.nlm.nih.gov/fhir/ValueSet/2.16.840.1.113883.3.526.3.1283,20210209,20210209
http://cts.nlm.nih.gov/fhir/ValueSet/2.16.840.1.113883.3.526.2.1377, GROUPED,20250208
http://cts.nlm.nih.gov/fhir/ValueSet/2.16.840.1.113883.3.526.3.1320,20210209,20210209
http://cts.nlm.nih.gov/fhir/ValueSet/2.16.840.1.113883.3.526.2.1381, GROUPED,20250125
http://cts.nlm.nih.gov/fhir/ValueSet/2.16.840.1.113883.3.526.3.1251,20210209,20210209
http://cts.nlm.nih.gov/fhir/ValueSet/2.16.840.1.113883.3.526.2.1364, GROUPED,20210209
http://cts.nlm.nih.gov/fhir/ValueSet/2.16.840.1.113883.3.464.1003.101.12.1012,20240110,20240110
http://cts.nlm.nih.gov/fhir/ValueSet/2.16.840.1.113883.3.464.1003.101.11.1261, GROUPED,20180310
http://cts.nlm.nih.gov/fhir/ValueSet/2.16.840.1.113883.3.464.1003.101.11.1060, GROUPED,20240203
http://cts.nlm.nih.gov/fhir/ValueSet/2.16.840.1.113883.3.526.3.1285,20210209,20210209
http://cts.nlm.nih.gov/fhir/ValueSet/2.16.840.1.113883.3.526.2.111, GROUPED,20210209
http://cts.nlm.nih.gov/fhir/ValueSet/2.16.840.1.113883.3.526.2.1771, GROUPED,20210209
http://cts.nlm.nih.gov/fhir/ValueSet/2.16.840.1.113883.3.464.1003.101.12.1008,20240110,20240110
http://cts.nlm.nih.gov/fhir/ValueSet/2.16.840.1.113883.3.464.1003.101.11.1266, GROUPED,20200310
http://cts.nlm.nih.gov/fhir/ValueSet/2.16.840.1.113883.3.464.1003.101.11.1040, GROUPED,20240203
http://cts.nlm.nih.gov/fhir/ValueSet/2.16.840.1.113883.3.526.2.1391, ,20130614
http://cts.nlm.nih.gov/fhir/ValueSet/2.16.840.1.113883.3.526.3.1333,20210209,20210209
http://cts.nlm.nih.gov/fhir/ValueSet/2.16.840.1.113883.3.526.2.1402, GROUPED,20210209
http://cts.nlm.nih.gov/fhir/ValueSet/2.16.840.1.113883.3.464.1003.101.12.1048, ,20170504
http://cts.nlm.nih.gov/fhir/ValueSet/2.16.840.1.113883.3.464.1003.101.11.1216, ,20170504
http://cts.nlm.nih.gov/fhir/ValueSet/2.16.840.1.113883.3.526.3.1334,20210209,20210209
http://cts.nlm.nih.gov/fhir/ValueSet/2.16.840.1.113883.3.526.2.1403, GROUPED,20210209
http://cts.nlm.nih.gov/fhir/ValueSet/2.16.840.1.113883.3.526.3.326,20210209,20210209
http://cts.nlm.nih.gov/fhir/ValueSet/2.16.840.1.113883.3.526.2.74, GROUPED,20250125
http://cts.nlm.nih.gov/fhir/ValueSet/2.16.840.1.113883.3.526.2.73, GROUPED,20210209
http://cts.nlm.nih.gov/fhir/ValueSet/2.16.840.1.113883.3.526.3.1177,20170504,20170504
http://cts.nlm.nih.gov/fhir/ValueSet/2.16.840.1.113883.3.526.2.1333, GROUPED,20190315
http://cts.nlm.nih.gov/fhir/ValueSet/2.16.840.1.113883.3.526.3.366,20200306,20200306
http://cts.nlm.nih.gov/fhir/ValueSet/2.16.840.1.113883.3.526.2.186, GROUPED,20250128
http://cts.nlm.nih.gov/fhir/ValueSet/2.16.840.1.113883.3.526.2.181, GROUPED,20170504
http://cts.nlm.nih.gov/fhir/ValueSet/2.16.840.1.113883.3.526.3.362,20200306,20200306
http://cts.nlm.nih.gov/fhir/ValueSet/2.16.840.1.113883.3.526.2.60, GROUPED,20170504
http://cts.nlm.nih.gov/fhir/ValueSet/2.16.840.1.113883.3.526.2.61, GROUPED,20250128
http://cts.nlm.nih.gov/fhir/ValueSet/2.16.840.1.113883.3.526.3.367,20210218,20210218
http://cts.nlm.nih.gov/fhir/ValueSet/2.16.840.1.113883.3.526.2.187, GROUPED,20250128
http://cts.nlm.nih.gov/fhir/ValueSet/2.16.840.1.113883.3.526.2.264, GROUPED,20210218
http://cts.nlm.nih.gov/fhir/ValueSet/2.16.840.1.113883.3.526.3.1184,20170504,20170504
http://cts.nlm.nih.gov/fhir/ValueSet/2.16.840.1.113883.3.526.2.1342, GROUPED,20220216
http://cts.nlm.nih.gov/fhir/ValueSet/2.16.840.1.113883.3.526.3.1493,20170504,20170504
http://cts.nlm.nih.gov/fhir/ValueSet/2.16.840.1.113883.3.526.2.1921, GROUPED,20240202
http://cts.nlm.nih.gov/fhir/ValueSet/2.16.840.1.113883.3.526.3.412,20200306,20200306
http://cts.nlm.nih.gov/fhir/ValueSet/2.16.840.1.113883.3.526.2.411, GROUPED,20170504
http://cts.nlm.nih.gov/fhir/ValueSet/2.16.840.1.113883.3.526.2.408, GROUPED,20240202
http://cts.nlm.nih.gov/fhir/ValueSet/2.16.840.1.113762.1.4.1178.53,20220218,20220218
http://cts.nlm.nih.gov/fhir/ValueSet/2.16.840.1.113762.1.4.1178.52, GROUPED,20250128
http://cts.nlm.nih.gov/fhir/ValueSet/2.16.840.1.113762.1.4.1178.65, GROUPED,20221105
http://cts.nlm.nih.gov/fhir/ValueSet/2.16.840.1.113883.3.526.3.368,20210218,20210218
http://cts.nlm.nih.gov/fhir/ValueSet/2.16.840.1.113883.3.526.2.183, GROUPED,20210218
http://cts.nlm.nih.gov/fhir/ValueSet/2.16.840.1.113883.3.526.2.1924, GROUPED,20230210
http://cts.nlm.nih.gov/fhir/ValueSet/2.16.840.1.113883.3.526.3.370,20200306,20200306
http://cts.nlm.nih.gov/fhir/ValueSet/2.16.840.1.113883.3.526.2.180, GROUPED,20230316
http://cts.nlm.nih.gov/fhir/ValueSet/2.16.840.1.113883.3.526.2.185, GROUPED,20250128
http://cts.nlm.nih.gov/fhir/ValueSet/2.16.840.1.113883.3.526.3.1178,20170504,20170504
http://cts.nlm.nih.gov/fhir/ValueSet/2.16.840.1.113883.3.526.2.1334, GROUPED,20250128
http://cts.nlm.nih.gov/fhir/ValueSet/2.16.840.1.113883.3.526.3.1174,20210303,20210303
http://cts.nlm.nih.gov/fhir/ValueSet/2.16.840.1.113883.3.526.2.133, GROUPED,20230217
http://cts.nlm.nih.gov/fhir/ValueSet/2.16.840.1.113883.3.526.3.371,20210218,20210218
http://cts.nlm.nih.gov/fhir/ValueSet/2.16.840.1.113883.3.526.2.168, GROUPED,20250205
http://cts.nlm.nih.gov/fhir/ValueSet/2.16.840.1.113883.3.526.2.169, GROUPED,20250128
http://cts.nlm.nih.gov/fhir/ValueSet/2.16.840.1.113883.3.526.3.369,20200306,20200306
http://cts.nlm.nih.gov/fhir/ValueSet/2.16.840.1.113883.3.526.2.120, GROUPED,20250205
http://cts.nlm.nih.gov/fhir/ValueSet/2.16.840.1.113883.3.526.2.57, GROUPED,20240202
http://cts.nlm.nih.gov/fhir/ValueSet/2.16.840.1.113883.3.526.3.1134,20170504,20170504
http://cts.nlm.nih.gov/fhir/ValueSet/2.16.840.1.113883.3.526.2.1238, GROUPED,20250128
http://cts.nlm.nih.gov/fhir/ValueSet/2.16.840.1.113883.3.526.3.1092,20170504,20170504
http://cts.nlm.nih.gov/fhir/ValueSet/2.16.840.1.113883.3.526.2.860, GROUPED,20170504
http://cts.nlm.nih.gov/fhir/ValueSet/2.16.840.1.113883.3.526.3.403,20240125,20240125
http://cts.nlm.nih.gov/fhir/ValueSet/2.16.840.1.113883.3.526.2.58, GROUPED,20240202
http://cts.nlm.nih.gov/fhir/ValueSet/2.16.840.1.113883.3.526.2.119, GROUPED,20240202
http://cts.nlm.nih.gov/fhir/ValueSet/2.16.840.1.113883.3.526.3.1012,20170504,20170504
http://cts.nlm.nih.gov/fhir/ValueSet/2.16.840.1.113883.3.526.2.1049, GROUPED,20200306
http://cts.nlm.nih.gov/fhir/ValueSet/2.16.840.1.113883.3.526.3.1009, ,20170504
http://cts.nlm.nih.gov/fhir/ValueSet/2.16.840.1.113883.3.526.2.310, ,20170504
http://cts.nlm.nih.gov/fhir/ValueSet/2.16.840.1.113883.3.526.3.1023,20190315,20190315
http://cts.nlm.nih.gov/fhir/ValueSet/2.16.840.1.113883.3.526.2.1064, GROUPED,20190315
http://cts.nlm.nih.gov/fhir/ValueSet/2.16.840.1.113883.3.526.2.1775, GROUPED,20190315
http://cts.nlm.nih.gov/fhir/ValueSet/2.16.840.1.113883.3.526.3.1332,20170504,20170504
http://cts.nlm.nih.gov/fhir/ValueSet/2.16.840.1.113883.3.526.2.1401, GROUPED,20170504
http://cts.nlm.nih.gov/fhir/ValueSet/2.16.840.1.113883.3.526.3.1005,20200306,20200306
http://cts.nlm.nih.gov/fhir/ValueSet/2.16.840.1.113883.3.526.2.1068, GROUPED,20250208
http://cts.nlm.nih.gov/fhir/ValueSet/2.16.840.1.113883.3.526.2.1067, GROUPED,20240202
http://cts.nlm.nih.gov/fhir/ValueSet/2.16.840.1.113883.3.526.3.1011,20190315,20190315
http://cts.nlm.nih.gov/fhir/ValueSet/2.16.840.1.113883.3.526.2.1063, GROUPED,20170823
http://cts.nlm.nih.gov/fhir/ValueSet/2.16.840.1.113883.3.526.2.1774, GROUPED,20210909
http://cts.nlm.nih.gov/fhir/ValueSet/2.16.840.1.113883.3.526.3.1492,20190315,20190315
http://cts.nlm.nih.gov/fhir/ValueSet/2.16.840.1.113883.3.526.2.1923, GROUPED,20170504
http://cts.nlm.nih.gov/fhir/ValueSet/2.16.840.1.113883.3.526.2.1776, GROUPED,20200306
http://cts.nlm.nih.gov/fhir/ValueSet/2.16.840.1.113883.3.526.3.1496,20190315,20190315
http://cts.nlm.nih.gov/fhir/ValueSet/2.16.840.1.113883.3.526.2.1927, GROUPED,20170504
http://cts.nlm.nih.gov/fhir/ValueSet/2.16.840.1.113883.3.526.2.1777, GROUPED,20190315
http://cts.nlm.nih.gov/fhir/ValueSet/2.16.840.1.113883.3.526.3.1006,20170504,20170504
http://cts.nlm.nih.gov/fhir/ValueSet/2.16.840.1.113883.3.526.2.1069, GROUPED,20170504
http://cts.nlm.nih.gov/fhir/ValueSet/2.16.840.1.113883.3.67.1.101.1.128,20240214,20240214
http://cts.nlm.nih.gov/fhir/ValueSet/2.16.840.1.113883.3.67.1.101.1.45, GROUPED,20220219
http://cts.nlm.nih.gov/fhir/ValueSet/2.16.840.1.113883.3.67.1.101.1.44, GROUPED,20250208
http://cts.nlm.nih.gov/fhir/ValueSet/2.16.840.1.113762.1.4.1080.5,20220219,20220219
http://cts.nlm.nih.gov/fhir/ValueSet/2.16.840.1.113762.1.4.1080.6, GROUPED,20250208
http://cts.nlm.nih.gov/fhir/ValueSet/2.16.840.1.113762.1.4.1080.7, GROUPED,20220219
http://cts.nlm.nih.gov/fhir/ValueSet/2.16.840.1.113883.3.67.1.101.1.254,20220219,20220219
http://cts.nlm.nih.gov/fhir/ValueSet/2.16.840.1.113883.3.67.1.101.1.257, GROUPED,20230318
http://cts.nlm.nih.gov/fhir/ValueSet/2.16.840.1.113883.3.67.1.101.1.256, GROUPED,20220219
http://cts.nlm.nih.gov/fhir/ValueSet/2.16.840.1.113883.3.666.5.307,20200307,20200307
http://cts.nlm.nih.gov/fhir/ValueSet/2.16.840.1.113883.3.526.3.1584,20210825,20210825
http://cts.nlm.nih.gov/fhir/ValueSet/2.16.840.1.113762.1.4.1108.15,20240207,20240207
http://cts.nlm.nih.gov/fhir/ValueSet/2.16.840.1.113883.3.464.1003.1008, GROUPED,20210821
http://cts.nlm.nih.gov/fhir/ValueSet/2.16.840.1.113883.3.464.1003.1007, GROUPED,20210824
http://cts.nlm.nih.gov/fhir/ValueSet/2.16.840.1.113883.3.464.1003.1165,20220818,20220818
http://cts.nlm.nih.gov/fhir/ValueSet/2.16.840.1.113883.3.464.1003.1166, GROUPED,20220817
http://cts.nlm.nih.gov/fhir/ValueSet/2.16.840.1.113883.3.464.1003.1003,20210820,20210820
http://cts.nlm.nih.gov/fhir/ValueSet/2.16.840.1.113883.3.464.1003.1002, GROUPED,20230208
http://cts.nlm.nih.gov/fhir/ValueSet/2.16.840.1.113883.3.464.1003.1001, GROUPED,20210820
http://cts.nlm.nih.gov/fhir/ValueSet/2.16.840.113883.3.67.1.101.3.2444,20210219,20210219
http://cts.nlm.nih.gov/fhir/ValueSet/2.16.840.1.113883.3.464.1003.105.11.1060, GROUPED,20240210
http://cts.nlm.nih.gov/fhir/ValueSet/2.16.840.1.113883.3.464.1003.105.11.1017, GROUPED,20230124
http://cts.nlm.nih.gov/fhir/ValueSet/2.16.840.1.113883.3.464.1003.105.11.1019, GROUPED,20170504
http://cts.nlm.nih.gov/fhir/ValueSet/2.16.840.1.113883.3.464.1003.105.11.1062, GROUPED,20250312
http://cts.nlm.nih.gov/fhir/ValueSet/2.16.840.1.113883.3.464.1003.1167,20220820,20220820
http://cts.nlm.nih.gov/fhir/ValueSet/2.16.840.1.113883.3.464.1003.1168, GROUPED,20220819
http://cts.nlm.nih.gov/fhir/ValueSet/2.16.840.1.113883.3.464.1003.1169, GROUPED,20220820
http://cts.nlm.nih.gov/fhir/ValueSet/2.16.840.1.113883.3.464.1003.101.12.1090,20210224,20210224
http://cts.nlm.nih.gov/fhir/ValueSet/2.16.840.1.113883.3.464.1003.101.11.1285, GROUPED,20250110
http://cts.nlm.nih.gov/fhir/ValueSet/2.16.840.1.113883.3.464.1003.101.11.1286, GROUPED,20240207
http://cts.nlm.nih.gov/fhir/ValueSet/2.16.840.1.113883.3.464.1003.198.12.1135,20210224,20210224
http://cts.nlm.nih.gov/fhir/ValueSet/2.16.840.1.113883.3.464.1003.198.11.1148, GROUPED,20230118
http://cts.nlm.nih.gov/fhir/ValueSet/2.16.840.1.113883.3.600.1.1579,20210224,20210224
http://cts.nlm.nih.gov/fhir/ValueSet/2.16.840.1.113883.3.600.1.1578, GROUPED,20210222
http://cts.nlm.nih.gov/fhir/ValueSet/1.3.6.1.4.1.33895.1.3.0.45,20210220,20210220
http://cts.nlm.nih.gov/fhir/ValueSet/2.16.840.1.113883.3.67.1.101.1.246,20240214,20240214
http://cts.nlm.nih.gov/fhir/ValueSet/2.16.840.1.113883.3.67.1.101.1.249, GROUPED,20230318
http://cts.nlm.nih.gov/fhir/ValueSet/2.16.840.1.113883.3.67.1.101.1.248, GROUPED,20220219
http://cts.nlm.nih.gov/fhir/ValueSet/2.16.840.1.113883.3.464.1003.105.12.1152,20240210,20240210
http://cts.nlm.nih.gov/fhir/ValueSet/2.16.840.1.113883.3.464.1003.105.11.1178, GROUPED,20250312
http://cts.nlm.nih.gov/fhir/ValueSet/2.16.840.1.113883.3.464.1003.105.11.1180, GROUPED,20250312
http://cts.nlm.nih.gov/fhir/ValueSet/2.16.840.1.113883.3.67.1.101.1.263,20220219,20220219
http://cts.nlm.nih.gov/fhir/ValueSet/2.16.840.1.113883.3.464.1003.105.12.1104,20240214,20240214
http://cts.nlm.nih.gov/fhir/ValueSet/2.16.840.1.113883.3.464.1003.105.11.1162, GROUPED,20220219
http://cts.nlm.nih.gov/fhir/ValueSet/2.16.840.1.113883.3.464.1003.105.11.1163, GROUPED,20250208
http://cts.nlm.nih.gov/fhir/ValueSet/2.16.840.1.113762.1.4.1045.105,20210611,20210611
http://cts.nlm.nih.gov/fhir/ValueSet/2.16.840.1.113762.1.4.1045.103, GROUPED,20230217
http://cts.nlm.nih.gov/fhir/ValueSet/2.16.840.1.113762.1.4.1045.171, GROUPED,20240209
http://cts.nlm.nih.gov/fhir/ValueSet/2.16.840.1.113883.3.117.1.7.1.282,20210611,20210611
http://cts.nlm.nih.gov/fhir/ValueSet/2.16.840.1.113883.3.117.1.7.1.367, GROUPED,20210611
http://cts.nlm.nih.gov/fhir/ValueSet/2.16.840.1.113883.3.117.1.7.1.369, GROUPED,20250207
http://cts.nlm.nih.gov/fhir/ValueSet/2.16.840.1.113762.1.4.1045.99,20210611,20210611
http://cts.nlm.nih.gov/fhir/ValueSet/2.16.840.1.113762.1.4.1045.173, GROUPED,20210611
http://cts.nlm.nih.gov/fhir/ValueSet/2.16.840.1.113762.1.4.1045.98, GROUPED,20210611
http://cts.nlm.nih.gov/fhir/ValueSet/2.16.840.1.113762.1.4.1045.59,20210611,20210611
http://cts.nlm.nih.gov/fhir/ValueSet/2.16.840.1.113762.1.4.1045.58, GROUPED,20210611
http://cts.nlm.nih.gov/fhir/ValueSet/2.16.840.1.113883.3.117.1.7.1.401, GROUPED,20250207
http://cts.nlm.nih.gov/fhir/ValueSet/2.16.840.1.113883.3.464.1003.110.12.1049,20180310,20180310
http://cts.nlm.nih.gov/fhir/ValueSet/2.16.840.1.113883.3.464.1003.110.11.1124, GROUPED,20240323
http://cts.nlm.nih.gov/fhir/ValueSet/2.16.840.1.113883.3.464.1003.110.11.1123, GROUPED,20240323
http://cts.nlm.nih.gov/fhir/ValueSet/2.16.840.1.113762.1.4.1110.37,20230217,20230217
http://cts.nlm.nih.gov/fhir/ValueSet/2.16.840.1.113762.1.4.1110.36, GROUPED,20240208
http://cts.nlm.nih.gov/fhir/ValueSet/2.16.840.1.113762.1.4.1110.77, GROUPED,20240208
http://cts.nlm.nih.gov/fhir/ValueSet/2.16.840.1.113762.1.4.1110.68,20230217,20230217
http://cts.nlm.nih.gov/fhir/ValueSet/2.16.840.1.113762.1.4.1110.72, GROUPED,20230217
http://cts.nlm.nih.gov/fhir/ValueSet/2.16.840.1.113762.1.4.1110.73, GROUPED,20230217
http://cts.nlm.nih.gov/fhir/ValueSet/2.16.840.1.113762.1.4.1111.180,20240215,20240215
http://cts.nlm.nih.gov/fhir/ValueSet/2.16.840.1.113762.1.4.1111.178, GROUPED,20240215
http://cts.nlm.nih.gov/fhir/ValueSet/2.16.840.1.113762.1.4.1111.179, GROUPED,20240215
http://cts.nlm.nih.gov/fhir/ValueSet/2.16.840.1.113762.1.4.1116.365,20191010,20250515
http://cts.nlm.nih.gov/fhir/ValueSet/2.16.840.1.113762.1.4.1046.269,20240215,20240215
http://cts.nlm.nih.gov/fhir/ValueSet/2.16.840.1.113762.1.4.1111.177,20250211,20250211
http://cts.nlm.nih.gov/fhir/ValueSet/2.16.840.1.113762.1.4.1046.225, GROUPED,20240221
http://cts.nlm.nih.gov/fhir/ValueSet/2.16.840.1.113762.1.4.1111.171,20240215,20240215
http://cts.nlm.nih.gov/fhir/ValueSet/2.16.840.1.113762.1.4.1046.242, GROUPED,20240217
http://cts.nlm.nih.gov/fhir/ValueSet/2.16.840.1.113762.1.4.1046.243, GROUPED,20240217
http://cts.nlm.nih.gov/fhir/ValueSet/2.16.840.1.113762.1.4.1046.241,20240215,20240215
http://cts.nlm.nih.gov/fhir/ValueSet/2.16.840.1.113883.3.3157.1002.70, GROUPED,20240221
http://cts.nlm.nih.gov/fhir/ValueSet/2.16.840.1.113883.3.3157.1004.15, GROUPED,20240217
http://cts.nlm.nih.gov/fhir/ValueSet/2.16.840.1.113883.3.3157.1002.72, GROUPED,20240217
http://cts.nlm.nih.gov/fhir/ValueSet/2.16.840.1.113883.3.3157.1004.14, GROUPED,20200310
http://cts.nlm.nih.gov/fhir/ValueSet/2.16.840.1.113883.3.3157.1004.13, GROUPED,20240217
http://cts.nlm.nih.gov/fhir/ValueSet/2.16.840.1.113883.3.3157.1004.16, GROUPED,20240221
http://cts.nlm.nih.gov/fhir/ValueSet/2.16.840.1.113883.3.3157.1002.74, GROUPED,20210223
http://cts.nlm.nih.gov/fhir/ValueSet/2.16.840.1.113883.3.3157.1002.12, GROUPED,20220305
http://cts.nlm.nih.gov/fhir/ValueSet/2.16.840.1.113883.3.3157.1002.71, GROUPED,20210223
http://cts.nlm.nih.gov/fhir/ValueSet/2.16.840.1.113883.3.3157.1002.11, GROUPED,20230301
http://cts.nlm.nih.gov/fhir/ValueSet/2.16.840.1.113883.3.3157.1004.12, GROUPED,20210223
http://cts.nlm.nih.gov/fhir/ValueSet/2.16.840.1.113883.3.3157.1002.76, GROUPED,20240221
http://cts.nlm.nih.gov/fhir/ValueSet/2.16.840.1.113883.3.3157.1002.77, GROUPED,20240221
http://cts.nlm.nih.gov/fhir/ValueSet/2.16.840.1.113883.3.3157.1004.17, GROUPED,20210223
http://cts.nlm.nih.gov/fhir/ValueSet/2.16.840.1.113883.3.3157.1002.75, GROUPED,20250211
http://cts.nlm.nih.gov/fhir/ValueSet/2.16.840.1.113883.3.3157.1002.73, GROUPED,20210223
http://cts.nlm.nih.gov/fhir/ValueSet/2.16.840.1.113883.3.3157.1004.18, GROUPED,20240217
http://cts.nlm.nih.gov/fhir/ValueSet/2.16.840.1.113762.1.4.1111.146, GROUPED,20220308
http://cts.nlm.nih.gov/fhir/ValueSet/2.16.840.1.113762.1.4.1111.169, GROUPED,20210223
http://cts.nlm.nih.gov/fhir/ValueSet/2.16.840.1.113762.1.4.1111.167, GROUPED,20210223
http://cts.nlm.nih.gov/fhir/ValueSet/2.16.840.1.113762.1.4.1111.168, GROUPED,20210223
http://cts.nlm.nih.gov/fhir/ValueSet/2.16.840.1.113762.1.4.1125.1,20250211,20250211
http://cts.nlm.nih.gov/fhir/ValueSet/2.16.840.1.113762.1.4.1111.175,20240215,20240215
http://cts.nlm.nih.gov/fhir/ValueSet/2.16.840.1.113762.1.4.1111.173, GROUPED,20240217
http://cts.nlm.nih.gov/fhir/ValueSet/2.16.840.1.113762.1.4.1111.174, GROUPED,20240217
http://cts.nlm.nih.gov/fhir/ValueSet/2.16.840.1.113762.1.4.1248.352,20250312,20250312
http://cts.nlm.nih.gov/fhir/ValueSet/2.16.840.1.113762.1.4.1248.359,20250312,20250312
http://cts.nlm.nih.gov/fhir/ValueSet/2.16.840.1.113883.3.526.3.319,20200306,20200306
http://cts.nlm.nih.gov/fhir/ValueSet/2.16.840.1.113883.3.526.2.92, GROUPED,20250325
http://cts.nlm.nih.gov/fhir/ValueSet/2.16.840.1.113883.3.526.2.91, GROUPED,20170504
http://cts.nlm.nih.gov/fhir/ValueSet/2.16.840.1.113762.1.4.1248.353,20250312,20250312
http://cts.nlm.nih.gov/fhir/ValueSet/2.16.840.1.113762.1.4.1248.354,20250312,20250312
http://cts.nlm.nih.gov/fhir/ValueSet/2.16.840.1.113762.1.4.1248.355,20250312,20250312
http://cts.nlm.nih.gov/fhir/ValueSet/2.16.840.1.113762.1.4.1248.358,20250312,20250312
http://cts.nlm.nih.gov/fhir/ValueSet/2.16.840.1.113762.1.4.1248.357, GROUPED,20250312
http://cts.nlm.nih.gov/fhir/ValueSet/2.16.840.1.113762.1.4.1248.356, GROUPED,20250312
http://cts.nlm.nih.gov/fhir/ValueSet/2.16.840.1.113883.3.464.1003.120.12.1003,20240106,20240106
http://cts.nlm.nih.gov/fhir/ValueSet/2.16.840.1.113883.3.464.1003.120.11.1007, GROUPED,20241106
http://cts.nlm.nih.gov/fhir/ValueSet/2.16.840.1.113883.3.464.1003.120.11.1008, GROUPED,20230214
http://cts.nlm.nih.gov/fhir/ValueSet/2.16.840.1.113883.3.464.1003.120.11.1010, GROUPED,20170504
http://cts.nlm.nih.gov/fhir/ValueSet/2.16.840.1.113883.3.464.1003.120.11.1005, GROUPED,20240207
http://cts.nlm.nih.gov/fhir/ValueSet/2.16.840.1.113762.1.4.1248.363,20250312,20250312
http://cts.nlm.nih.gov/fhir/ValueSet/2.16.840.1.113762.1.4.1248.362, GROUPED,20250312
http://cts.nlm.nih.gov/fhir/ValueSet/2.16.840.1.113762.1.4.1248.361, GROUPED,20250312
http://cts.nlm.nih.gov/fhir/ValueSet/2.16.840.1.113762.1.4.1248.364,20250312,20250312
http://cts.nlm.nih.gov/fhir/ValueSet/2.16.840.1.113762.1.4.1248.365,20250312,20250312
http://cts.nlm.nih.gov/fhir/ValueSet/2.16.840.1.113762.1.4.1248.351,20250312,20250312
http://cts.nlm.nih.gov/fhir/ValueSet/2.16.840.1.113762.1.4.1248.350, GROUPED,20250312
http://cts.nlm.nih.gov/fhir/ValueSet/2.16.840.1.113762.1.4.1248.349, GROUPED,20250312
http://cts.nlm.nih.gov/fhir/ValueSet/2.16.840.1.113762.1.4.1248.369,20250312,20250312
http://cts.nlm.nih.gov/fhir/ValueSet/2.16.840.1.113762.1.4.1248.360,20250312,20250312
http://cts.nlm.nih.gov/fhir/ValueSet/2.16.840.1.113762.1.4.1248.368,20250312,20250312
http://cts.nlm.nih.gov/fhir/ValueSet/2.16.840.1.113762.1.4.1248.366, GROUPED,20250312
http://cts.nlm.nih.gov/fhir/ValueSet/2.16.840.1.113762.1.4.1248.367, GROUPED,20250312
http://cts.nlm.nih.gov/fhir/ValueSet/2.16.840.1.113762.1.4.1248.372,20250312,20250312
http://cts.nlm.nih.gov/fhir/ValueSet/2.16.840.1.113762.1.4.1248.370, GROUPED,20250312
http://cts.nlm.nih.gov/fhir/ValueSet/2.16.840.1.113762.1.4.1248.371, GROUPED,20250312
http://cts.nlm.nih.gov/fhir/ValueSet/2.16.840.1.113762.1.4.1248.34,20230203,20230203
http://cts.nlm.nih.gov/fhir/ValueSet/2.16.840.1.113762.1.4.1196.393,20240117,20240117
http://cts.nlm.nih.gov/fhir/ValueSet/2.16.840.1.113762.1.4.1248.141, ,20220512
http://cts.nlm.nih.gov/fhir/ValueSet/2.16.840.1.113762.1.4.1248.119,20250211,20250211
http://cts.nlm.nih.gov/fhir/ValueSet/2.16.840.1.113762.1.4.1196.226,20240124,20240124
http://cts.nlm.nih.gov/fhir/ValueSet/2.16.840.1.113762.1.4.1248.187,20230204,20230204
http://cts.nlm.nih.gov/fhir/ValueSet/2.16.840.1.113762.1.4.1147.198,20220415,20220415
http://cts.nlm.nih.gov/fhir/ValueSet/2.16.840.1.113762.1.4.1147.197,20220415,20220415
http://cts.nlm.nih.gov/fhir/ValueSet/2.16.840.1.113762.1.4.1147.112,20240112,20240112
http://cts.nlm.nih.gov/fhir/ValueSet/2.16.840.1.113762.1.4.1147.194,20220415,20220415
http://cts.nlm.nih.gov/fhir/ValueSet/2.16.840.1.113762.1.4.1147.113,20220415,20220415
http://cts.nlm.nih.gov/fhir/ValueSet/2.16.840.1.113762.1.4.1147.109, GROUPED,20230205
http://cts.nlm.nih.gov/fhir/ValueSet/2.16.840.1.113762.1.4.1147.110, GROUPED,20240112
http://cts.nlm.nih.gov/fhir/ValueSet/2.16.840.1.113762.1.4.1147.196,20220416,20220416
http://cts.nlm.nih.gov/fhir/ValueSet/2.16.840.1.113883.3.117.1.7.1.292,20210611,20210611
http://cts.nlm.nih.gov/fhir/ValueSet/2.16.840.1.113762.1.4.1095.101,20241004,20241004
http://cts.nlm.nih.gov/fhir/ValueSet/2.16.840.1.113762.1.4.1095.91,20241211,20241211
http://cts.nlm.nih.gov/fhir/ValueSet/2.16.840.1.113762.1.4.1095.55,20180616,20180616
http://cts.nlm.nih.gov/fhir/ValueSet/2.16.840.1.113762.1.4.1095.53, GROUPED,20241211
http://cts.nlm.nih.gov/fhir/ValueSet/2.16.840.1.113762.1.4.1095.54, GROUPED,20250204
http://cts.nlm.nih.gov/fhir/ValueSet/2.16.840.1.113762.1.4.1095.92,20240117,20240117
http://cts.nlm.nih.gov/fhir/ValueSet/2.16.840.1.113762.1.4.1095.89,20240117,20240117
http://cts.nlm.nih.gov/fhir/ValueSet/2.16.840.1.113762.1.4.1095.94, GROUPED,20240117
http://cts.nlm.nih.gov/fhir/ValueSet/2.16.840.1.113762.1.4.1095.38, GROUPED,20250122
http://cts.nlm.nih.gov/fhir/ValueSet/2.16.840.1.113762.1.4.1095.34,20240117,20240117
http://cts.nlm.nih.gov/fhir/ValueSet/2.16.840.1.113762.1.4.1095.21,20240117,20240117
http://cts.nlm.nih.gov/fhir/ValueSet/2.16.840.1.113762.1.4.1095.47,20240117,20240117
http://cts.nlm.nih.gov/fhir/ValueSet/2.16.840.1.113762.1.4.1095.44, GROUPED,20240117
http://cts.nlm.nih.gov/fhir/ValueSet/2.16.840.1.113762.1.4.1095.98, GROUPED,20240117
http://cts.nlm.nih.gov/fhir/ValueSet/2.16.840.1.113762.1.4.1095.96,20240117,20240117
http://cts.nlm.nih.gov/fhir/ValueSet/2.16.840.1.113762.1.4.1095.95, GROUPED,20240117
http://cts.nlm.nih.gov/fhir/ValueSet/2.16.840.1.113762.1.4.1095.48, GROUPED,20240117
http://cts.nlm.nih.gov/fhir/ValueSet/2.16.840.1.113762.1.4.1095.43,20240117,20240117
http://cts.nlm.nih.gov/fhir/ValueSet/2.16.840.1.113762.1.4.1095.97, GROUPED,20240117
http://cts.nlm.nih.gov/fhir/ValueSet/2.16.840.1.113762.1.4.1095.42, GROUPED,20241211
http://cts.nlm.nih.gov/fhir/ValueSet/2.16.840.1.113762.1.4.1095.93,20240117,20240117
http://cts.nlm.nih.gov/fhir/ValueSet/2.16.840.1.113762.1.4.1111.143,20210611,20210611
http://cts.nlm.nih.gov/fhir/ValueSet/2.16.840.1.113762.1.4.1258.2,20241012,20241012
http://cts.nlm.nih.gov/fhir/ValueSet/2.16.840.1.113762.1.4.1248.22,20220608,20220608
http://cts.nlm.nih.gov/fhir/ValueSet/2.16.840.1.113762.1.4.1147.131, GROUPED,20240123
http://cts.nlm.nih.gov/fhir/ValueSet/2.16.840.1.113762.1.4.1147.130, GROUPED,20250211
http://cts.nlm.nih.gov/fhir/ValueSet/2.16.840.1.113762.1.4.1248.163,20240119,20240119
http://cts.nlm.nih.gov/fhir/ValueSet/2.16.840.1.113762.1.4.1248.164,20240120,20240120
http://cts.nlm.nih.gov/fhir/ValueSet/2.16.840.1.113762.1.4.1248.134,20250211,20250211
http://cts.nlm.nih.gov/fhir/ValueSet/2.16.840.1.113762.1.4.1248.23,20250205,20250205
http://cts.nlm.nih.gov/fhir/ValueSet/2.16.840.1.113762.1.4.1248.168,20221006,20221006
http://cts.nlm.nih.gov/fhir/ValueSet/2.16.840.1.113762.1.4.1248.165, GROUPED,20240112
http://cts.nlm.nih.gov/fhir/ValueSet/2.16.840.1.113762.1.4.1248.166, GROUPED,20240124
http://cts.nlm.nih.gov/fhir/ValueSet/2.16.840.1.113762.1.4.1248.167, GROUPED,20240208
http://cts.nlm.nih.gov/fhir/ValueSet/2.16.840.1.113762.1.4.1248.169,20221006,20221006
http://cts.nlm.nih.gov/fhir/ValueSet/2.16.840.1.113762.1.4.1248.170,20240118,20240118
http://cts.nlm.nih.gov/fhir/ValueSet/2.16.840.1.113762.1.4.1248.171,20250205,20250205
http://cts.nlm.nih.gov/fhir/ValueSet/2.16.840.1.113762.1.4.1147.171,20210605,20210605
http://cts.nlm.nih.gov/fhir/ValueSet/2.16.840.1.113762.1.4.1147.122, GROUPED,20210605
http://cts.nlm.nih.gov/fhir/ValueSet/2.16.840.1.113762.1.4.1147.119, GROUPED,20240112
http://cts.nlm.nih.gov/fhir/ValueSet/2.16.840.1.113762.1.4.1248.136,20221006,20221006
http://cts.nlm.nih.gov/fhir/ValueSet/2.16.840.1.113762.1.4.1248.137,20221006,20221006
http://cts.nlm.nih.gov/fhir/ValueSet/2.16.840.1.113762.1.4.1147.120,20240112,20240112
http://cts.nlm.nih.gov/fhir/ValueSet/2.16.840.1.113762.1.4.1248.24,20221006,20221006
http://cts.nlm.nih.gov/fhir/ValueSet/2.16.840.1.113762.1.4.1272.1,20241012,20241012
http://cts.nlm.nih.gov/fhir/ValueSet/2.16.840.1.113762.1.4.1248.205,20240112,20240112
http://cts.nlm.nih.gov/fhir/ValueSet/2.16.840.1.113762.1.4.1248.174,20221006,20221006
http://cts.nlm.nih.gov/fhir/ValueSet/2.16.840.1.113762.1.4.1248.172, GROUPED,20240112
http://cts.nlm.nih.gov/fhir/ValueSet/2.16.840.1.113762.1.4.1248.173, GROUPED,20240112
http://cts.nlm.nih.gov/fhir/ValueSet/2.16.840.1.113762.1.4.1248.162,20250211,20250211
http://cts.nlm.nih.gov/fhir/ValueSet/2.16.840.1.113762.1.4.1248.120,20250206,20250206
http://cts.nlm.nih.gov/fhir/ValueSet/2.16.840.1.113762.1.4.1200.147, ,20201204
http://cts.nlm.nih.gov/fhir/ValueSet/2.16.840.1.113762.1.4.1248.175,20221006,20221006
http://cts.nlm.nih.gov/fhir/ValueSet/2.16.840.1.113762.1.4.1248.176,20240112,20240112
http://cts.nlm.nih.gov/fhir/ValueSet/2.16.840.1.113762.1.4.1248.130,20230425,20230425
http://cts.nlm.nih.gov/fhir/ValueSet/2.16.840.1.113762.1.4.1110.67,20230217,20230217
http://cts.nlm.nih.gov/fhir/ValueSet/2.16.840.1.113762.1.4.1110.70, GROUPED,20230217
http://cts.nlm.nih.gov/fhir/ValueSet/2.16.840.1.113762.1.4.1110.71, GROUPED,20250207
http://cts.nlm.nih.gov/fhir/ValueSet/2.16.840.1.113762.1.4.1029.233,20220127,20220127
http://cts.nlm.nih.gov/fhir/ValueSet/2.16.840.1.113883.3.666.5.623,20240210,20240210
http://cts.nlm.nih.gov/fhir/ValueSet/2.16.840.1.113883.3.117.1.7.1.271,20220127,20220127
http://cts.nlm.nih.gov/fhir/ValueSet/2.16.840.1.113883.3.117.1.7.1.270, GROUPED,20220127
http://cts.nlm.nih.gov/fhir/ValueSet/2.16.840.1.113762.1.4.1110.53,20240210,20240210
http://cts.nlm.nih.gov/fhir/ValueSet/2.16.840.1.113762.1.4.1029.214,20220127,20220127
http://cts.nlm.nih.gov/fhir/ValueSet/2.16.840.1.113762.1.4.1029.243,20250207,20250207
http://cts.nlm.nih.gov/fhir/ValueSet/2.16.840.1.113762.1.4.1029.217,20220127,20220127
http://cts.nlm.nih.gov/fhir/ValueSet/2.16.840.1.113762.1.4.1029.323,20220127,20220127
http://cts.nlm.nih.gov/fhir/ValueSet/2.16.840.1.113762.1.4.1029.321, GROUPED,20230218
http://cts.nlm.nih.gov/fhir/ValueSet/2.16.840.1.113762.1.4.1029.219,20230217,20230217
http://cts.nlm.nih.gov/fhir/ValueSet/2.16.840.1.113762.1.4.1029.311,20220127,20220127
http://cts.nlm.nih.gov/fhir/ValueSet/2.16.840.1.113762.1.4.1029.309, GROUPED,20220127
http://cts.nlm.nih.gov/fhir/ValueSet/2.16.840.1.113762.1.4.1029.317,20220127,20220127
http://cts.nlm.nih.gov/fhir/ValueSet/2.16.840.1.113762.1.4.1029.315, GROUPED,20220127
http://cts.nlm.nih.gov/fhir/ValueSet/2.16.840.1.113762.1.4.1029.287,20220127,20220127
http://cts.nlm.nih.gov/fhir/ValueSet/2.16.840.1.113762.1.4.1029.286, GROUPED,20230217
http://cts.nlm.nih.gov/fhir/ValueSet/2.16.840.1.113762.1.4.1029.213,20220127,20220127
http://cts.nlm.nih.gov/fhir/ValueSet/2.16.840.1.113762.1.4.1029.246, GROUPED,20240210
http://cts.nlm.nih.gov/fhir/ValueSet/2.16.840.1.113762.1.4.1029.245, GROUPED,20240210
http://cts.nlm.nih.gov/fhir/ValueSet/2.16.840.1.113762.1.4.1029.221,20220127,20220127
http://cts.nlm.nih.gov/fhir/ValueSet/2.16.840.1.113762.1.4.1029.341,20220127,20220127
http://cts.nlm.nih.gov/fhir/ValueSet/2.16.840.1.113762.1.4.1029.339, GROUPED,20250207
http://cts.nlm.nih.gov/fhir/ValueSet/2.16.840.1.113762.1.4.1029.357,20210121,20210121
http://cts.nlm.nih.gov/fhir/ValueSet/2.16.840.1.113762.1.4.1029.247, GROUPED,20220127
http://cts.nlm.nih.gov/fhir/ValueSet/2.16.840.1.113762.1.4.1029.248, GROUPED,20210121
http://cts.nlm.nih.gov/fhir/ValueSet/2.16.840.1.113762.1.4.1029.223,20230217,20230217
http://cts.nlm.nih.gov/fhir/ValueSet/2.16.840.1.113762.1.4.1029.225,20220127,20220127
http://cts.nlm.nih.gov/fhir/ValueSet/2.16.840.1.113762.1.4.1029.292,20220127,20220127
http://cts.nlm.nih.gov/fhir/ValueSet/2.16.840.1.113762.1.4.1029.291, GROUPED,20250207
http://cts.nlm.nih.gov/fhir/ValueSet/2.16.840.1.113762.1.4.1029.369,20210611,20210611
http://cts.nlm.nih.gov/fhir/ValueSet/2.16.840.1.113762.1.4.1029.368, GROUPED,20210611
http://cts.nlm.nih.gov/fhir/ValueSet/2.16.840.1.113762.1.4.1045.26,20210611,20210611
http://cts.nlm.nih.gov/fhir/ValueSet/2.16.840.1.114222.4.11.837,20121025,20121025
http://cts.nlm.nih.gov/fhir/ValueSet/2.16.840.1.113762.1.4.1029.338,20220127,20220127
http://cts.nlm.nih.gov/fhir/ValueSet/2.16.840.1.113762.1.4.1029.336, GROUPED,20240210
http://cts.nlm.nih.gov/fhir/ValueSet/2.16.840.1.113762.1.4.1029.269,20220127,20220127
http://cts.nlm.nih.gov/fhir/ValueSet/2.16.840.1.113762.1.4.1029.267, GROUPED,20220127
http://cts.nlm.nih.gov/fhir/ValueSet/2.16.840.1.113762.1.4.1029.227,20220127,20220127
http://cts.nlm.nih.gov/fhir/ValueSet/2.16.840.1.113762.1.4.1045.114,20250207,20250207
http://cts.nlm.nih.gov/fhir/ValueSet/2.16.840.1.113762.1.4.1029.272,20220127,20220127
http://cts.nlm.nih.gov/fhir/ValueSet/2.16.840.1.113762.1.4.1029.271, GROUPED,20220127
http://cts.nlm.nih.gov/fhir/ValueSet/2.16.840.1.113762.1.4.1029.332,20220127,20220127
http://cts.nlm.nih.gov/fhir/ValueSet/2.16.840.1.113762.1.4.1029.330, GROUPED,20220127
http://cts.nlm.nih.gov/fhir/ValueSet/2.16.840.1.113762.1.4.1029.358,20210121,20210121
http://cts.nlm.nih.gov/fhir/ValueSet/2.16.840.1.113762.1.4.1029.249, GROUPED,20240210
http://cts.nlm.nih.gov/fhir/ValueSet/2.16.840.1.113762.1.4.1029.250, GROUPED,20250207
http://cts.nlm.nih.gov/fhir/ValueSet/2.16.840.1.113762.1.4.1029.366,20220127,20220127
http://cts.nlm.nih.gov/fhir/ValueSet/2.16.840.1.113762.1.4.1029.364, GROUPED,20220127
http://cts.nlm.nih.gov/fhir/ValueSet/2.16.840.1.113762.1.4.1029.314,20220127,20220127
http://cts.nlm.nih.gov/fhir/ValueSet/2.16.840.1.113762.1.4.1029.312, GROUPED,20230217
http://cts.nlm.nih.gov/fhir/ValueSet/2.16.840.1.113762.1.4.1029.329,20220127,20220127
http://cts.nlm.nih.gov/fhir/ValueSet/2.16.840.1.113762.1.4.1029.326, GROUPED,20220127
http://cts.nlm.nih.gov/fhir/ValueSet/2.16.840.1.113762.1.4.1029.290,20220127,20220127
http://cts.nlm.nih.gov/fhir/ValueSet/2.16.840.1.113762.1.4.1029.289, GROUPED,20250207
http://cts.nlm.nih.gov/fhir/ValueSet/2.16.840.1.113762.1.4.1029.284,20220127,20220127
http://cts.nlm.nih.gov/fhir/ValueSet/2.16.840.1.113762.1.4.1029.282, GROUPED,20220127
http://cts.nlm.nih.gov/fhir/ValueSet/2.16.840.1.113762.1.4.1029.308,20220127,20220127
http://cts.nlm.nih.gov/fhir/ValueSet/2.16.840.1.113762.1.4.1029.306, GROUPED,20250207
http://cts.nlm.nih.gov/fhir/ValueSet/2.16.840.1.113762.1.4.1, ,20150331
http://cts.nlm.nih.gov/fhir/ValueSet/2.16.840.1.114222.4.11.3591,20221118,20250419
http://cts.nlm.nih.gov/fhir/ValueSet/2.16.840.1.113762.1.4.1029.302,20220127,20220127
http://cts.nlm.nih.gov/fhir/ValueSet/2.16.840.1.113762.1.4.1029.300, GROUPED,20240210
http://cts.nlm.nih.gov/fhir/ValueSet/2.16.840.1.113762.1.4.1029.388,20240223,20240223
http://cts.nlm.nih.gov/fhir/ValueSet/2.16.840.1.113762.1.4.1029.387, GROUPED,20240210
http://cts.nlm.nih.gov/fhir/ValueSet/2.16.840.1.113762.1.4.1110.78,20231111,20231111
http://cts.nlm.nih.gov/fhir/ValueSet/2.16.840.1.113762.1.4.1110.35, GROUPED,20210611
http://cts.nlm.nih.gov/fhir/ValueSet/2.16.840.1.113762.1.4.1029.305,20220127,20220127
http://cts.nlm.nih.gov/fhir/ValueSet/2.16.840.1.113762.1.4.1029.303, GROUPED,20220127
http://cts.nlm.nih.gov/fhir/ValueSet/2.16.840.1.113762.1.4.1029.275,20220127,20220127
http://cts.nlm.nih.gov/fhir/ValueSet/2.16.840.1.113762.1.4.1029.274, GROUPED,20250207
http://cts.nlm.nih.gov/fhir/ValueSet/2.16.840.1.113762.1.4.1029.370,20220127,20220127
http://cts.nlm.nih.gov/fhir/ValueSet/2.16.840.1.113762.1.4.1110.63,20220127,20220127
http://cts.nlm.nih.gov/fhir/ValueSet/2.16.840.1.113762.1.4.1029.299,20220127,20220127
http://cts.nlm.nih.gov/fhir/ValueSet/2.16.840.1.113762.1.4.1029.297, GROUPED,20220127
http://cts.nlm.nih.gov/fhir/ValueSet/2.16.840.1.113762.1.4.1029.278,20220316,20220316
http://cts.nlm.nih.gov/fhir/ValueSet/2.16.840.1.113762.1.4.1029.277, GROUPED,20230217
http://cts.nlm.nih.gov/fhir/ValueSet/2.16.840.1.113762.1.4.1029.229,20250207,20250207
http://cts.nlm.nih.gov/fhir/ValueSet/2.16.840.1.113762.1.4.1029.231,20220127,20220127
http://cts.nlm.nih.gov/fhir/ValueSet/2.16.840.1.113762.1.4.1029.281,20220127,20220127
http://cts.nlm.nih.gov/fhir/ValueSet/2.16.840.1.113762.1.4.1029.279, GROUPED,20220127
http://cts.nlm.nih.gov/fhir/ValueSet/2.16.840.1.114222.4.11.836,20121025,20121025
http://cts.nlm.nih.gov/fhir/ValueSet/2.16.840.1.113762.1.4.1029.335,20220127,20220127
http://cts.nlm.nih.gov/fhir/ValueSet/2.16.840.1.113762.1.4.1029.333, GROUPED,20240210
http://cts.nlm.nih.gov/fhir/ValueSet/2.16.840.1.113762.1.4.1029.237,20240210,20240210
http://cts.nlm.nih.gov/fhir/ValueSet/2.16.840.1.113762.1.4.1029.235,20220127,20220127
http://cts.nlm.nih.gov/fhir/ValueSet/2.16.840.1.113762.1.4.1029.255,20220127,20220127
http://cts.nlm.nih.gov/fhir/ValueSet/2.16.840.1.113762.1.4.1029.241,20240210,20240210
http://cts.nlm.nih.gov/fhir/ValueSet/2.16.840.1.113762.1.4.1029.239,20220127,20220127
http://cts.nlm.nih.gov/fhir/ValueSet/2.16.840.1.113762.1.4.1029.256,20230218,20230218
http://cts.nlm.nih.gov/fhir/ValueSet/2.16.840.1.113762.1.4.1029.253, GROUPED,20220127
http://cts.nlm.nih.gov/fhir/ValueSet/2.16.840.1.113762.1.4.1029.251, GROUPED,20220127
http://cts.nlm.nih.gov/fhir/ValueSet/2.16.840.1.113762.1.4.1029.254, GROUPED,20240210
http://cts.nlm.nih.gov/fhir/ValueSet/2.16.840.1.113762.1.4.1029.252, GROUPED,20210121
http://cts.nlm.nih.gov/fhir/ValueSet/2.16.840.1.113762.1.4.1029.327,20220127,20220127
http://cts.nlm.nih.gov/fhir/ValueSet/2.16.840.1.113762.1.4.1029.324, GROUPED,20220127
http://cts.nlm.nih.gov/fhir/ValueSet/2.16.840.1.113762.1.4.1029.320,20220127,20220127
http://cts.nlm.nih.gov/fhir/ValueSet/2.16.840.1.113762.1.4.1029.318, GROUPED,20240210
http://cts.nlm.nih.gov/fhir/ValueSet/2.16.840.1.113762.1.4.1029.296,20220127,20220127
http://cts.nlm.nih.gov/fhir/ValueSet/2.16.840.1.113762.1.4.1029.295, GROUPED,20220127
http://cts.nlm.nih.gov/fhir/ValueSet/2.16.840.1.113762.1.4.1029.359,20210121,20210121
http://cts.nlm.nih.gov/fhir/ValueSet/2.16.840.1.113762.1.4.1029.363,20220127,20220127
http://cts.nlm.nih.gov/fhir/ValueSet/2.16.840.1.113762.1.4.1029.361, GROUPED,20220127
http://cts.nlm.nih.gov/fhir/ValueSet/2.16.840.1.113762.1.4.1029.360,20210121,20210121
http://cts.nlm.nih.gov/fhir/ValueSet/2.16.840.1.113762.1.4.1045.129,20230214,20230214
http://cts.nlm.nih.gov/fhir/ValueSet/2.16.840.1.113762.1.4.1248.88,20230426,20230426
http://cts.nlm.nih.gov/fhir/ValueSet/2.16.840.1.113762.1.4.1248.221,20230520,20230520
http://cts.nlm.nih.gov/fhir/ValueSet/2.16.840.1.113762.1.4.1248.255,20240112,20240112
http://cts.nlm.nih.gov/fhir/ValueSet/2.16.840.1.113762.1.4.1248.206, GROUPED,20230429
http://cts.nlm.nih.gov/fhir/ValueSet/2.16.840.1.113762.1.4.1248.207, GROUPED,20240112
http://cts.nlm.nih.gov/fhir/ValueSet/2.16.840.1.113762.1.4.1248.252, GROUPED,20240112
http://cts.nlm.nih.gov/fhir/ValueSet/2.16.840.1.113762.1.4.1248.253, GROUPED,20240112
http://cts.nlm.nih.gov/fhir/ValueSet/2.16.840.1.113762.1.4.1248.96,20240109,20240109
http://cts.nlm.nih.gov/fhir/ValueSet/2.16.840.1.113762.1.4.1248.217,20230512,20230512
http://cts.nlm.nih.gov/fhir/ValueSet/2.16.840.1.113762.1.4.1248.224,20230520,20230520
http://cts.nlm.nih.gov/fhir/ValueSet/2.16.840.1.113762.1.4.1045.139,20230214,20230214
http://cts.nlm.nih.gov/fhir/ValueSet/2.16.840.1.113762.1.4.1248.223,20250212,20250212
http://cts.nlm.nih.gov/fhir/ValueSet/2.16.840.1.113762.1.4.1248.218,20250212,20250212
http://cts.nlm.nih.gov/fhir/ValueSet/2.16.840.1.113762.1.4.1248.95,20240109,20240109
http://cts.nlm.nih.gov/fhir/ValueSet/2.16.840.1.113883.3.666.5.2363,20250207,20250207
http://cts.nlm.nih.gov/fhir/ValueSet/2.16.840.1.113762.1.4.1248.241,20230923,20230923
http://cts.nlm.nih.gov/fhir/ValueSet/2.16.840.1.113762.1.4.1248.92, GROUPED,20240112
http://cts.nlm.nih.gov/fhir/ValueSet/2.16.840.1.113762.1.4.1248.240, GROUPED,20240112
http://cts.nlm.nih.gov/fhir/ValueSet/2.16.840.1.113762.1.4.1248.85,20230518,20230518
http://cts.nlm.nih.gov/fhir/ValueSet/2.16.840.1.113762.1.4.1248.208,20230429,20230429
http://cts.nlm.nih.gov/fhir/ValueSet/2.16.840.1.113762.1.4.1248.183, ,20220720
http://cts.nlm.nih.gov/fhir/ValueSet/2.16.840.1.113762.1.4.1248.93, GROUPED,20240112
http://cts.nlm.nih.gov/fhir/ValueSet/2.16.840.1.113762.1.4.1248.182, GROUPED,20250212
http://cts.nlm.nih.gov/fhir/ValueSet/2.16.840.1.113762.1.4.1248.251,20240112,20240112
http://cts.nlm.nih.gov/fhir/ValueSet/2.16.840.1.113762.1.4.1248.250, GROUPED,20240112
http://cts.nlm.nih.gov/fhir/ValueSet/2.16.840.1.113762.1.4.1248.249, GROUPED,20240112
http://cts.nlm.nih.gov/fhir/ValueSet/2.16.840.1.113762.1.4.1248.248, GROUPED,20240112
http://cts.nlm.nih.gov/fhir/ValueSet/2.16.840.1.113762.1.4.1248.247, GROUPED,20240112
http://cts.nlm.nih.gov/fhir/ValueSet/2.16.840.1.113762.1.4.1248.246, GROUPED,20240112
http://cts.nlm.nih.gov/fhir/ValueSet/2.16.840.1.113762.1.4.1248.245, GROUPED,20240112
http://cts.nlm.nih.gov/fhir/ValueSet/2.16.840.1.113762.1.4.1248.243, GROUPED,20240112
http://cts.nlm.nih.gov/fhir/ValueSet/2.16.840.1.113762.1.4.1248.242, GROUPED,20240112
http://cts.nlm.nih.gov/fhir/ValueSet/2.16.840.1.113762.1.4.1248.219,20250212,20250212
http://cts.nlm.nih.gov/fhir/ValueSet/2.16.840.1.113762.1.4.1248.179,20220719,20220719
http://cts.nlm.nih.gov/fhir/ValueSet/2.16.840.1.113762.1.4.1248.86, GROUPED,20220719
http://cts.nlm.nih.gov/fhir/ValueSet/2.16.840.1.113762.1.4.1248.178, GROUPED,20230519
http://cts.nlm.nih.gov/fhir/ValueSet/2.16.840.1.113762.1.4.1248.222,20240112,20240112
http://cts.nlm.nih.gov/fhir/ValueSet/2.16.840.1.113762.1.4.1248.107,20220507,20220507
http://cts.nlm.nih.gov/fhir/ValueSet/2.16.840.1.113762.1.4.1248.105, GROUPED,20220507
http://cts.nlm.nih.gov/fhir/ValueSet/2.16.840.1.113762.1.4.1248.106, GROUPED,20240112
http://cts.nlm.nih.gov/fhir/ValueSet/2.16.840.1.113762.1.4.1248.239,20230923,20230923
http://cts.nlm.nih.gov/fhir/ValueSet/2.16.840.1.113762.1.4.1248.91, GROUPED,20240124
http://cts.nlm.nih.gov/fhir/ValueSet/2.16.840.1.113762.1.4.1248.238, GROUPED,20230923
http://cts.nlm.nih.gov/fhir/ValueSet/2.16.840.1.113762.1.4.1248.213,20230512,20230512
http://cts.nlm.nih.gov/fhir/ValueSet/2.16.840.1.113762.1.4.1248.211, GROUPED,20240112
http://cts.nlm.nih.gov/fhir/ValueSet/2.16.840.1.113762.1.4.1248.210, GROUPED,20230503
http://cts.nlm.nih.gov/fhir/ValueSet/2.16.840.1.113762.1.4.1248.214, GROUPED,20240112
http://cts.nlm.nih.gov/fhir/ValueSet/2.16.840.1.113762.1.4.1248.209,20240112,20240112
http://cts.nlm.nih.gov/fhir/ValueSet/2.16.840.1.113883.3.117.1.7.1.263,20210220,20210220
http://cts.nlm.nih.gov/fhir/ValueSet/2.16.840.1.113883.3.117.1.7.1.337, GROUPED,20250206
http://cts.nlm.nih.gov/fhir/ValueSet/2.16.840.1.113883.3.117.1.7.1.335, GROUPED,20240203
http://cts.nlm.nih.gov/fhir/ValueSet/2.16.840.1.113762.1.4.1248.94,20240109,20240109
http://cts.nlm.nih.gov/fhir/ValueSet/2.16.840.1.113762.1.4.1045.127,20230214,20230214
http://cts.nlm.nih.gov/fhir/ValueSet/2.16.840.1.113762.1.4.1248.216,20230512,20230512
http://cts.nlm.nih.gov/fhir/ValueSet/2.16.840.1.113762.1.4.1248.220,20240112,20240112
http://cts.nlm.nih.gov/fhir/ValueSet/2.16.840.1.113762.1.4.1045.119,20220218,20220218
http://cts.nlm.nih.gov/fhir/ValueSet/2.16.840.1.113762.1.4.1248.89,20220719,20220719
http://cts.nlm.nih.gov/fhir/ValueSet/2.16.840.1.113762.1.4.1248.181,20220719,20220719
http://cts.nlm.nih.gov/fhir/ValueSet/2.16.840.1.113762.1.4.1248.90, GROUPED,20230429
http://cts.nlm.nih.gov/fhir/ValueSet/2.16.840.1.113762.1.4.1248.180, GROUPED,20240109
http://cts.nlm.nih.gov/fhir/ValueSet/2.16.840.1.113762.1.4.1111.164,20210220,20210220
http://cts.nlm.nih.gov/fhir/ValueSet/2.16.840.1.113762.1.4.1046.285,20240418,20240418
http://cts.nlm.nih.gov/fhir/ValueSet/2.16.840.1.113762.1.4.1170.28, GROUPED,20250212
http://cts.nlm.nih.gov/fhir/ValueSet/2.16.840.1.113762.1.4.1170.27, GROUPED,20250212
http://cts.nlm.nih.gov/fhir/ValueSet/2.16.840.1.113883.3.117.1.7.1.294,20210220,20210220
http://cts.nlm.nih.gov/fhir/ValueSet/2.16.840.1.113762.1.4.1111.163,20200305,20200305
http://cts.nlm.nih.gov/fhir/ValueSet/2.16.840.1.113883.3.464.1003.101.12.1010,20210928,20210928
http://cts.nlm.nih.gov/fhir/ValueSet/2.16.840.1.113883.3.464.1003.101.11.1050, GROUPED,20170504
http://cts.nlm.nih.gov/fhir/ValueSet/2.16.840.1.113762.1.4.1046.284,20240418,20240418
http://cts.nlm.nih.gov/fhir/ValueSet/2.16.840.1.113762.1.4.1046.277, GROUPED,20240418
http://cts.nlm.nih.gov/fhir/ValueSet/2.16.840.1.113762.1.4.1046.283, GROUPED,20240418
http://cts.nlm.nih.gov/fhir/ValueSet/2.16.840.1.113762.1.4.1046.278,20250212,20250212
http://cts.nlm.nih.gov/fhir/ValueSet/2.16.840.1.113762.1.4.1046.279,20250212,20250212
http://cts.nlm.nih.gov/fhir/ValueSet/2.16.840.1.113762.1.4.1046.286,20240726,20240726
http://cts.nlm.nih.gov/fhir/ValueSet/2.16.840.1.113762.1.4.1104.12,20230214,20230214
http://cts.nlm.nih.gov/fhir/ValueSet/2.16.840.1.113762.1.4.1104.10,20230214,20230214
http://cts.nlm.nih.gov/fhir/ValueSet/2.16.840.1.113762.1.4.1170.57,20250207,20250207
http://cts.nlm.nih.gov/fhir/ValueSet/2.16.840.1.113762.1.4.1045.151,20230214,20230214
http://cts.nlm.nih.gov/fhir/ValueSet/2.16.840.1.113762.1.4.1021.121,20250228, 
http://cts.nlm.nih.gov/fhir/ValueSet/2.16.840.1.113883.3.464.1003.110.12.1082,20190315, 
http://cts.nlm.nih.gov/fhir/ValueSet/2.16.840.1.113883.3.526.3.1259,20250402, 
http://cts.nlm.nih.gov/fhir/ValueSet/2.16.840.1.113762.1.4.1222.419,20240621, 
http://cts.nlm.nih.gov/fhir/ValueSet/2.16.840.1.113762.1.4.1160.24,20250301, 
http://cts.nlm.nih.gov/fhir/ValueSet/2.16.840.1.113762.1.4.1160.13,20250301, 
http://cts.nlm.nih.gov/fhir/ValueSet/2.16.840.1.113762.1.4.1160.5,20230107, 
http://cts.nlm.nih.gov/fhir/ValueSet/2.16.840.1.113762.1.4.1248.375,20250325, 
http://cts.nlm.nih.gov/fhir/ValueSet/2.16.840.1.113883.3.464.1003.101.12.1022,20170504, 
http://cts.nlm.nih.gov/fhir/ValueSet/2.16.840.1.113883.3.464.1003.101.12.1024,20170504, 
http://cts.nlm.nih.gov/fhir/ValueSet/2.16.840.1.113762.1.4.1248.377,20250328, 
http://cts.nlm.nih.gov/fhir/ValueSet/2.16.840.1.113762.1.4.1206.47,20230105, 
http://cts.nlm.nih.gov/fhir/ValueSet/2.16.840.1.113883.3.464.1003.101.12.1087,20250328, 
http://cts.nlm.nih.gov/fhir/ValueSet/2.16.840.1.113762.1.4.1206.19,20250205, 
http://cts.nlm.nih.gov/fhir/ValueSet/2.16.840.1.113762.1.4.1206.53,20220511, 
http://cts.nlm.nih.gov/fhir/ValueSet/2.16.840.1.113762.1.4.1206.49,20250205, 
http://cts.nlm.nih.gov/fhir/ValueSet/2.16.840.1.113762.1.4.1206.51,20220301, 
http://cts.nlm.nih.gov/fhir/ValueSet/2.16.840.1.113883.3.464.1003.199.12.1031,20170504, 
http://cts.nlm.nih.gov/fhir/ValueSet/2.16.840.1.113883.3.464.1003.120.12.1001,20170504, 
http://cts.nlm.nih.gov/fhir/ValueSet/2.16.840.1.113883.3.464.1003.1164,20220208, 
http://cts.nlm.nih.gov/fhir/ValueSet/2.16.840.1.113883.3.464.1003.110.12.1024,20170504, 
http://cts.nlm.nih.gov/fhir/ValueSet/2.16.840.1.113883.3.67.1.101.1.269,20170825, 
http://cts.nlm.nih.gov/fhir/ValueSet/2.16.840.1.113883.3.464.1003.199.12.1056,20170504, 
http://cts.nlm.nih.gov/fhir/ValueSet/2.16.840.1.113883.3.464.1003.108.12.1009,20170504, 
http://cts.nlm.nih.gov/fhir/ValueSet/2.16.840.1.113883.3.464.1003.110.12.1053,20170504, 
http://cts.nlm.nih.gov/fhir/ValueSet/2.16.840.1.113883.3.464.1003.110.12.1032,20170504, 
http://cts.nlm.nih.gov/fhir/ValueSet/2.16.840.1.113883.3.464.1003.110.12.1037,20170504, 
http://cts.nlm.nih.gov/fhir/ValueSet/2.16.840.1.113883.3.464.1003.120.12.1007,20170504, 
http://cts.nlm.nih.gov/fhir/ValueSet/2.16.840.1.113883.3.464.1003.110.12.1039,20170504, 
http://cts.nlm.nih.gov/fhir/ValueSet/2.16.840.1.113883.3.464.1003.196.12.1218,20170504, 
http://cts.nlm.nih.gov/fhir/ValueSet/2.16.840.1.113883.3.464.1003.196.12.1214,20170504, 
http://cts.nlm.nih.gov/fhir/ValueSet/2.16.840.1.113883.3.464.1003.196.12.1215,20170504, 
http://cts.nlm.nih.gov/fhir/ValueSet/2.16.840.1.113883.3.464.1003.196.12.1216,20170504, 
http://cts.nlm.nih.gov/fhir/ValueSet/2.16.840.1.113883.3.464.1003.110.12.1083,20190315, 
http://cts.nlm.nih.gov/fhir/ValueSet/2.16.840.1.113883.3.464.1003.110.12.1085,20190315, 
http://cts.nlm.nih.gov/fhir/ValueSet/2.16.840.1.113883.3.464.1003.196.12.1219,20170504, 
http://cts.nlm.nih.gov/fhir/ValueSet/2.16.840.1.113883.3.464.1003.110.12.1087,20210224, 
http://cts.nlm.nih.gov/fhir/ValueSet/2.16.840.1.113883.3.464.1003.196.12.1224,20170504, 
http://cts.nlm.nih.gov/fhir/ValueSet/2.16.840.1.113883.3.464.1003.196.12.1221,20170504, 
http://cts.nlm.nih.gov/fhir/ValueSet/2.16.840.1.113883.3.464.1003.196.12.1223,20170504, 
http://cts.nlm.nih.gov/fhir/ValueSet/2.16.840.1.113883.3.464.1003.196.12.1170,20170504, 
http://cts.nlm.nih.gov/fhir/ValueSet/2.16.840.1.113883.3.464.1003.110.12.1044,20170504, 
http://cts.nlm.nih.gov/fhir/ValueSet/2.16.840.1.113883.3.464.1003.110.12.1022,20170504, 
http://cts.nlm.nih.gov/fhir/ValueSet/2.16.840.1.113883.3.464.1003.110.12.1041,20170504, 
http://cts.nlm.nih.gov/fhir/ValueSet/2.16.840.1.113883.3.464.1003.110.12.1042,20220909, 
http://cts.nlm.nih.gov/fhir/ValueSet/2.16.840.1.113883.3.464.1003.110.12.1084,20190315, 
http://cts.nlm.nih.gov/fhir/ValueSet/2.16.840.1.113883.3.464.1003.110.12.1086,20190315, 
http://cts.nlm.nih.gov/fhir/ValueSet/2.16.840.1.113883.3.464.1003.110.12.1045,20170504, 
http://cts.nlm.nih.gov/fhir/ValueSet/2.16.840.1.113883.3.464.1003.110.12.1088,20210224, 
http://cts.nlm.nih.gov/fhir/ValueSet/2.16.840.1.113883.3.464.1003.110.12.1031,20170504, 
http://cts.nlm.nih.gov/fhir/ValueSet/2.16.840.1.113883.3.464.1003.110.12.1046,20170504, 
http://cts.nlm.nih.gov/fhir/ValueSet/2.16.840.1.113883.3.464.1003.110.12.1048,20190315, 
http://cts.nlm.nih.gov/fhir/ValueSet/2.16.840.1.113883.3.464.1003.110.12.1047,20190316, 
http://cts.nlm.nih.gov/fhir/ValueSet/2.16.840.1.113883.3.464.1003.110.12.1040,20170504, 
http://cts.nlm.nih.gov/fhir/ValueSet/2.16.840.1.113883.3.464.1003.110.12.1052,20170504, 
http://cts.nlm.nih.gov/fhir/ValueSet/2.16.840.1.113762.1.4.1258.1,20250208, 
http://cts.nlm.nih.gov/fhir/ValueSet/2.16.840.1.113762.1.4.1248.389,20250404, 
http://cts.nlm.nih.gov/fhir/ValueSet/2.16.840.1.113883.3.464.1003.113.12.1074,20190315, 
http://cts.nlm.nih.gov/fhir/ValueSet/2.16.840.1.113883.3.464.1003.118.12.1300,20200310, 
http://cts.nlm.nih.gov/fhir/ValueSet/2.16.840.1.113883.3.464.1003.101.12.1088,20210224, 
http://cts.nlm.nih.gov/fhir/ValueSet/2.16.840.1.113883.3.464.1003.196.12.1510,20190315, 
http://cts.nlm.nih.gov/fhir/ValueSet/2.16.840.1.113883.3.464.1003.113.12.1075,20190315, 
http://cts.nlm.nih.gov/fhir/ValueSet/2.16.840.1.113883.3.464.1003.105.12.1007,20170504, 
http://cts.nlm.nih.gov/fhir/ValueSet/2.16.840.1.113883.3.464.1003.196.12.1213,20210306, 
http://cts.nlm.nih.gov/fhir/ValueSet/2.16.840.1.113883.3.526.3.451,20200306, 
http://cts.nlm.nih.gov/fhir/ValueSet/2.16.840.1.113883.3.526.3.320,20240130, 
http://cts.nlm.nih.gov/fhir/ValueSet/2.16.840.1.113883.3.526.3.401,20170504, 
http://cts.nlm.nih.gov/fhir/ValueSet/2.16.840.1.113883.3.526.3.398,20250205, 
http://cts.nlm.nih.gov/fhir/ValueSet/2.16.840.1.113883.3.526.3.399,20170504, 
http://cts.nlm.nih.gov/fhir/ValueSet/2.16.840.1.113883.3.464.1003.115.12.1088,20170504, 
http://cts.nlm.nih.gov/fhir/ValueSet/2.16.840.1.113883.3.464.1004.2616,20250130, 
http://cts.nlm.nih.gov/fhir/ValueSet/2.16.840.1.113883.3.464.1003.1266,20250109, 
http://cts.nlm.nih.gov/fhir/ValueSet/2.16.840.1.113883.3.526.3.376,20210218, 
http://cts.nlm.nih.gov/fhir/ValueSet/2.16.840.1.113762.1.4.1178.56,20220218, 
http://cts.nlm.nih.gov/fhir/ValueSet/2.16.840.1.113762.1.4.1178.58,20220218, 
http://cts.nlm.nih.gov/fhir/ValueSet/2.16.840.1.113762.1.4.1178.33,20220218, 
http://cts.nlm.nih.gov/fhir/ValueSet/2.16.840.1.113762.1.4.1178.61,20220218, 
http://cts.nlm.nih.gov/fhir/ValueSet/2.16.840.1.113883.3.464.1003.114.12.1011,20240112, 
http://cts.nlm.nih.gov/fhir/ValueSet/2.16.840.1.113883.3.464.1003.101.12.1054,20170504, 
http://cts.nlm.nih.gov/fhir/ValueSet/2.16.840.1.113883.3.464.1003.101.12.1027,20170504, 
http://cts.nlm.nih.gov/fhir/ValueSet/2.16.840.1.113883.3.464.1003.101.12.1026,20170504, 
http://cts.nlm.nih.gov/fhir/ValueSet/2.16.840.1.113883.3.464.1003.101.12.1055,20170504, 
http://cts.nlm.nih.gov/fhir/ValueSet/2.16.840.1.113883.3.464.1003.1170,20220902, 
http://cts.nlm.nih.gov/fhir/ValueSet/2.16.840.1.113883.3.464.1003.1171,20240119, 
http://cts.nlm.nih.gov/fhir/ValueSet/2.16.840.1.113883.3.464.1003.1172,20250109, 
http://cts.nlm.nih.gov/fhir/ValueSet/2.16.840.1.113883.3.464.1003.1173,20220902, 
http://cts.nlm.nih.gov/fhir/ValueSet/2.16.840.1.113883.3.464.1003.196.11.1252,20240123, 
http://cts.nlm.nih.gov/fhir/ValueSet/2.16.840.1.113883.3.464.1003.1174,20220902, 
http://cts.nlm.nih.gov/fhir/ValueSet/2.16.840.1.113883.3.464.1003.1176,20240123, 
http://cts.nlm.nih.gov/fhir/ValueSet/2.16.840.1.113883.3.464.1003.1260,20250109, 
http://cts.nlm.nih.gov/fhir/ValueSet/2.16.840.1.113883.3.464.1003.122.12.1003,20170504, 
http://cts.nlm.nih.gov/fhir/ValueSet/2.16.840.1.113883.3.464.1003.105.12.1203,20210224, 
http://cts.nlm.nih.gov/fhir/ValueSet/2.16.840.1.113883.3.464.1003.106.12.1001,20170504, 
http://cts.nlm.nih.gov/fhir/ValueSet/2.16.840.1.113883.3.464.1003.101.12.1059,20170504, 
http://cts.nlm.nih.gov/fhir/ValueSet/2.16.840.1.113883.3.464.1003.101.12.1007,20170504, 
http://cts.nlm.nih.gov/fhir/ValueSet/2.16.840.1.113883.3.464.1003.101.12.1006,20170504, 
http://cts.nlm.nih.gov/fhir/ValueSet/2.16.840.1.113883.3.464.1003.101.12.1004,20170504, 
http://cts.nlm.nih.gov/fhir/ValueSet/2.16.840.1.113883.3.464.1003.106.12.1005,20210220, 
http://cts.nlm.nih.gov/fhir/ValueSet/2.16.840.1.113883.3.464.1003.1149,20240124, 
http://cts.nlm.nih.gov/fhir/ValueSet/2.16.840.1.113883.3.464.1003.1150,20240124, 
http://cts.nlm.nih.gov/fhir/ValueSet/2.16.840.1.113883.3.464.1003.1156,20211102, 
http://cts.nlm.nih.gov/fhir/ValueSet/2.16.840.1.113883.3.464.1003.1157,20211102, 
http://cts.nlm.nih.gov/fhir/ValueSet/2.16.840.1.113883.3.526.3.1278,20170504, 
http://cts.nlm.nih.gov/fhir/ValueSet/2.16.840.1.113883.3.526.3.1022,20200306, 
http://cts.nlm.nih.gov/fhir/ValueSet/2.16.840.1.113883.3.526.3.1141,20190315, 
http://cts.nlm.nih.gov/fhir/ValueSet/2.16.840.1.113883.3.526.3.1530,20190315, 
http://cts.nlm.nih.gov/fhir/ValueSet/2.16.840.1.113883.3.526.3.509,20170504, 
http://cts.nlm.nih.gov/fhir/ValueSet/2.16.840.1.113883.3.526.3.1190,20170504, 
http://cts.nlm.nih.gov/fhir/ValueSet/2.16.840.1.113883.3.526.3.1189,20170504, 
http://cts.nlm.nih.gov/fhir/ValueSet/2.16.840.1.113883.3.526.3.1170,20170504, 
http://cts.nlm.nih.gov/fhir/ValueSet/2.16.840.1.113883.3.464.1003.118.12.1028,20190315, 
http://cts.nlm.nih.gov/fhir/ValueSet/2.16.840.1.113883.3.464.1003.101.12.1066,20170504, 
http://cts.nlm.nih.gov/fhir/ValueSet/2.16.840.1.113883.3.464.1003.101.12.1013,20170504, 
http://cts.nlm.nih.gov/fhir/ValueSet/2.16.840.1.113883.3.526.3.1176,20170504, 
http://cts.nlm.nih.gov/fhir/ValueSet/2.16.840.1.113883.3.464.1003.102.12.1011,20170504, 
http://cts.nlm.nih.gov/fhir/ValueSet/2.16.840.1.113883.3.464.1003.102.12.1012,20170504, 
http://cts.nlm.nih.gov/fhir/ValueSet/2.16.840.1.113883.3.464.1003.102.12.1025,20220928, 
http://cts.nlm.nih.gov/fhir/ValueSet/2.16.840.1.113883.3.464.1003.102.12.1017,20210220, 
http://cts.nlm.nih.gov/fhir/ValueSet/2.16.840.1.113883.3.464.1003.101.12.1073,20210306, 
http://cts.nlm.nih.gov/fhir/ValueSet/2.16.840.1.113883.3.464.1003.198.12.1012,20170504, 
http://cts.nlm.nih.gov/fhir/ValueSet/2.16.840.1.113883.3.464.1003.196.12.1001,20170504, 
http://cts.nlm.nih.gov/fhir/ValueSet/2.16.840.1.113883.3.464.1003.111.12.1012,20200310, 
http://cts.nlm.nih.gov/fhir/ValueSet/2.16.840.1.113883.3.464.1003.111.12.1018,20210224, 
http://cts.nlm.nih.gov/fhir/ValueSet/2.16.840.1.113883.3.464.1003.111.12.1008,20170504, 
http://cts.nlm.nih.gov/fhir/ValueSet/2.16.840.1.113883.3.464.1003.198.12.1034,20170504, 
http://cts.nlm.nih.gov/fhir/ValueSet/2.16.840.1.113883.3.464.1003.111.12.1007,20170504, 
http://cts.nlm.nih.gov/fhir/ValueSet/2.16.840.1.113883.3.464.1003.110.12.1051,20170504, 
http://cts.nlm.nih.gov/fhir/ValueSet/2.16.840.1.113883.3.464.1003.111.12.1011,20170504, 
http://cts.nlm.nih.gov/fhir/ValueSet/2.16.840.1.113883.3.464.1003.196.12.1080,20170504, 
http://cts.nlm.nih.gov/fhir/ValueSet/2.16.840.1.113883.3.464.1003.196.12.1143,20170504, 
http://cts.nlm.nih.gov/fhir/ValueSet/2.16.840.1.113883.3.464.1003.111.12.1017,20210220, 
http://cts.nlm.nih.gov/fhir/ValueSet/2.16.840.1.113883.3.464.1003.102.12.1022,20170504, 
http://cts.nlm.nih.gov/fhir/ValueSet/2.16.840.1.113883.3.464.1003.1190,20250114, 
http://cts.nlm.nih.gov/fhir/ValueSet/2.16.840.1.113883.3.464.1003.195.12.1003,20170504, 
http://cts.nlm.nih.gov/fhir/ValueSet/2.16.840.1.113883.3.464.1003.118.12.1035,20170504, 
http://cts.nlm.nih.gov/fhir/ValueSet/2.16.840.1.113883.3.464.1003.121.12.1012,20170504, 
http://cts.nlm.nih.gov/fhir/ValueSet/2.16.840.1.113883.3.464.1003.121.12.1014,20170504, 
http://cts.nlm.nih.gov/fhir/ValueSet/2.16.840.1.113883.3.464.1003.121.12.1015,20170504, 
http://cts.nlm.nih.gov/fhir/ValueSet/2.16.840.1.113883.3.464.1003.105.12.1209,20210224, 
http://cts.nlm.nih.gov/fhir/ValueSet/2.16.840.1.113883.3.464.1003.105.12.1208,20210224, 
http://cts.nlm.nih.gov/fhir/ValueSet/2.16.840.1.113883.3.464.1003.105.12.1210,20210224, 
http://cts.nlm.nih.gov/fhir/ValueSet/2.16.840.1.113883.3.464.1003.105.12.1207,20210224, 
http://cts.nlm.nih.gov/fhir/ValueSet/2.16.840.1.113883.3.464.1003.105.12.1205,20210224, 
http://cts.nlm.nih.gov/fhir/ValueSet/2.16.840.1.113883.3.464.1003.105.12.1206,20210224, 
http://cts.nlm.nih.gov/fhir/ValueSet/2.16.840.1.113883.3.464.1003.1060,20240117, 
http://cts.nlm.nih.gov/fhir/ValueSet/2.16.840.1.113883.3.464.1003.1065,20210910, 
http://cts.nlm.nih.gov/fhir/ValueSet/2.16.840.1.113883.3.464.1003.1051,20210909, 
http://cts.nlm.nih.gov/fhir/ValueSet/2.16.840.1.113883.3.464.1003.1067,20210910, 
http://cts.nlm.nih.gov/fhir/ValueSet/2.16.840.1.113883.3.464.1003.1247,20240110, 
http://cts.nlm.nih.gov/fhir/ValueSet/2.16.840.1.113883.3.464.1003.1248,20240110, 
http://cts.nlm.nih.gov/fhir/ValueSet/2.16.840.1.113883.3.464.1003.1057,20210909, 
http://cts.nlm.nih.gov/fhir/ValueSet/2.16.840.1.113883.3.464.1003.1053,20240117, 
http://cts.nlm.nih.gov/fhir/ValueSet/2.16.840.1.113883.3.464.1003.1054,20240120, 
http://cts.nlm.nih.gov/fhir/ValueSet/2.16.840.1.113883.3.464.1003.1043,20240120, 
http://cts.nlm.nih.gov/fhir/ValueSet/2.16.840.1.113883.3.464.1003.196.12.1481,20170504, 
http://cts.nlm.nih.gov/fhir/ValueSet/2.16.840.1.113883.3.464.1003.1049,20240123, 
http://cts.nlm.nih.gov/fhir/ValueSet/2.16.840.1.113883.3.464.1003.196.12.1523,20220213, 
http://cts.nlm.nih.gov/fhir/ValueSet/2.16.840.1.113883.3.464.1003.1055,20240123, 
http://cts.nlm.nih.gov/fhir/ValueSet/2.16.840.1.113883.3.464.1003.196.12.1522,20220212, 
http://cts.nlm.nih.gov/fhir/ValueSet/2.16.840.1.113883.3.464.1003.1058,20240123, 
http://cts.nlm.nih.gov/fhir/ValueSet/2.16.840.1.113883.3.464.1003.1050,20240123, 
http://cts.nlm.nih.gov/fhir/ValueSet/2.16.840.1.113883.3.464.1003.196.12.1480,20170504, 
http://cts.nlm.nih.gov/fhir/ValueSet/2.16.840.1.113883.3.464.1003.1063,20240123, 
http://cts.nlm.nih.gov/fhir/ValueSet/2.16.840.1.113883.3.464.1003.1062,20240123, 
http://cts.nlm.nih.gov/fhir/ValueSet/2.16.840.1.113883.3.464.1003.1059,20240123, 
http://cts.nlm.nih.gov/fhir/ValueSet/2.16.840.1.113883.3.526.3.1028,20170504, 
http://cts.nlm.nih.gov/fhir/ValueSet/2.16.840.1.113883.3.526.3.1010,20200306, 
http://cts.nlm.nih.gov/fhir/ValueSet/2.16.840.1.113883.3.1444.5.215,20250201, 
http://cts.nlm.nih.gov/fhir/ValueSet/2.16.840.1.113883.3.526.3.1026,20170504, 
http://cts.nlm.nih.gov/fhir/ValueSet/2.16.840.1.113883.3.526.3.1027,20240131, 
http://cts.nlm.nih.gov/fhir/ValueSet/2.16.840.1.113883.3.526.3.1002,20200307, 
http://cts.nlm.nih.gov/fhir/ValueSet/2.16.840.1.113883.3.526.3.353,20200307, 
http://cts.nlm.nih.gov/fhir/ValueSet/2.16.840.1.113883.3.464.1003.104.12.1011,20240106, 
http://cts.nlm.nih.gov/fhir/ValueSet/2.16.840.1.113883.3.464.1003.109.12.1029,20240112, 
http://cts.nlm.nih.gov/fhir/ValueSet/2.16.840.1.113883.3.464.1003.109.12.1014,20170504, 
http://cts.nlm.nih.gov/fhir/ValueSet/2.16.840.1.113883.3.464.1003.109.12.1013,20170504, 
http://cts.nlm.nih.gov/fhir/ValueSet/2.16.840.1.113883.3.464.1003.109.12.1012,20190315, 
http://cts.nlm.nih.gov/fhir/ValueSet/2.16.840.1.113883.3.526.3.1187,20210220, 
http://cts.nlm.nih.gov/fhir/ValueSet/2.16.840.1.113883.3.526.3.1018,20210220, 
http://cts.nlm.nih.gov/fhir/ValueSet/2.16.840.1.113883.3.526.3.1491,20210220, 
http://cts.nlm.nih.gov/fhir/ValueSet/2.16.840.1.113883.3.600.1916,20210220, 
http://cts.nlm.nih.gov/fhir/ValueSet/2.16.840.1.113883.3.526.3.1569,20210220, 
http://cts.nlm.nih.gov/fhir/ValueSet/2.16.840.1.113883.3.526.3.1568,20210220, 
http://cts.nlm.nih.gov/fhir/ValueSet/2.16.840.1.113883.3.526.3.1570,20200307, 
http://cts.nlm.nih.gov/fhir/ValueSet/2.16.840.1.113883.3.526.3.1571,20200307, 
http://cts.nlm.nih.gov/fhir/ValueSet/2.16.840.1.113883.3.526.3.1567,20210220, 
http://cts.nlm.nih.gov/fhir/ValueSet/2.16.840.1.113883.3.526.3.1566,20210220, 
http://cts.nlm.nih.gov/fhir/ValueSet/2.16.840.1.113762.1.4.1110.42,20210220, 
http://cts.nlm.nih.gov/fhir/ValueSet/2.16.840.1.113762.1.4.1047.21,20240208, 
http://cts.nlm.nih.gov/fhir/ValueSet/2.16.840.1.113762.1.4.1047.73,20210220, 
http://cts.nlm.nih.gov/fhir/ValueSet/2.16.840.1.113762.1.4.1047.44,20240208, 
http://cts.nlm.nih.gov/fhir/ValueSet/2.16.840.1.113762.1.4.1047.100,20210220, 
http://cts.nlm.nih.gov/fhir/ValueSet/2.16.840.1.113762.1.4.1047.46,20240208, 
http://cts.nlm.nih.gov/fhir/ValueSet/2.16.840.1.113762.1.4.1047.42,20210220, 
http://cts.nlm.nih.gov/fhir/ValueSet/2.16.840.1.113762.1.4.1108.101,20240208, 
http://cts.nlm.nih.gov/fhir/ValueSet/2.16.840.1.113762.1.4.1047.102,20170504, 
http://cts.nlm.nih.gov/fhir/ValueSet/2.16.840.1.113762.1.4.1047.47,20240208, 
http://cts.nlm.nih.gov/fhir/ValueSet/2.16.840.1.113762.1.4.1108.85,20240208, 
http://cts.nlm.nih.gov/fhir/ValueSet/2.16.840.1.113883.3.526.3.1576,20200307, 
http://cts.nlm.nih.gov/fhir/ValueSet/2.16.840.1.113762.1.4.1248.276,20250124, 
http://cts.nlm.nih.gov/fhir/ValueSet/2.16.840.1.113883.3.526.3.1573,20250228, 
http://cts.nlm.nih.gov/fhir/ValueSet/2.16.840.1.113883.3.526.3.1572,20210220, 
http://cts.nlm.nih.gov/fhir/ValueSet/2.16.840.1.113883.3.526.3.1574,20210220, 
http://cts.nlm.nih.gov/fhir/ValueSet/2.16.840.1.113883.3.526.3.1575,20210220, 
http://cts.nlm.nih.gov/fhir/ValueSet/2.16.840.1.113883.3.666.5.694,20240208, 
http://cts.nlm.nih.gov/fhir/ValueSet/2.16.840.1.113762.1.4.1138.566,20180818, 
http://cts.nlm.nih.gov/fhir/ValueSet/2.16.840.1.113883.3.117.1.7.1.204,20240208, 
http://cts.nlm.nih.gov/fhir/ValueSet/2.16.840.1.113762.1.4.1045.67,20170504, 
http://cts.nlm.nih.gov/fhir/ValueSet/2.16.840.1.113762.1.4.1056.50,20250206, 
http://cts.nlm.nih.gov/fhir/ValueSet/2.16.840.1.113883.3.464.1003.121.12.1006,20190315, 
http://cts.nlm.nih.gov/fhir/ValueSet/2.16.840.1.113883.3.464.1003.101.12.1046,20170504, 
http://cts.nlm.nih.gov/fhir/ValueSet/2.16.840.1.113883.3.464.1003.1178,20230722, 
http://cts.nlm.nih.gov/fhir/ValueSet/2.16.840.1.113883.3.464.1003.1180,20230722, 
http://cts.nlm.nih.gov/fhir/ValueSet/2.16.840.1.113883.3.464.1003.1182,20230722, 
http://cts.nlm.nih.gov/fhir/ValueSet/2.16.840.1.113883.3.464.1003.1184,20230722, 
http://cts.nlm.nih.gov/fhir/ValueSet/2.16.840.1.113883.3.464.1003.198.12.1006,20230831, 
http://cts.nlm.nih.gov/fhir/ValueSet/2.16.840.1.113883.3.464.1003.1189,20230722, 
http://cts.nlm.nih.gov/fhir/ValueSet/2.16.840.1.113762.1.4.1047.502,20180309, 
http://cts.nlm.nih.gov/fhir/ValueSet/2.16.840.1.113883.3.526.3.1563,20220302, 
http://cts.nlm.nih.gov/fhir/ValueSet/2.16.840.1.113883.3.600.1.1751,20210220, 
http://cts.nlm.nih.gov/fhir/ValueSet/2.16.840.1.113883.3.600.1.1525,20250201, 
http://cts.nlm.nih.gov/fhir/ValueSet/2.16.840.1.113883.3.600.1.1528,20200307, 
http://cts.nlm.nih.gov/fhir/ValueSet/2.16.840.1.113883.3.600.1.1527,20170504, 
http://cts.nlm.nih.gov/fhir/ValueSet/2.16.840.1.113883.3.526.3.1561,20210220, 
http://cts.nlm.nih.gov/fhir/ValueSet/2.16.840.1.113883.3.526.3.1562,20210220, 
http://cts.nlm.nih.gov/fhir/ValueSet/2.16.840.1.113883.3.464.1003.125.12.1003,20170504, 
http://cts.nlm.nih.gov/fhir/ValueSet/2.16.840.1.113883.3.464.1003.125.12.1002,20210928, 
http://cts.nlm.nih.gov/fhir/ValueSet/2.16.840.1.113883.3.464.1003.125.12.1004,20210220, 
http://cts.nlm.nih.gov/fhir/ValueSet/2.16.840.1.113883.3.6929.3.1000,20190531, 
http://cts.nlm.nih.gov/fhir/ValueSet/2.16.840.1.113762.1.4.1178.88,20231019, 
http://cts.nlm.nih.gov/fhir/ValueSet/2.16.840.1.113883.3.6929.3.1007,20190531, 
http://cts.nlm.nih.gov/fhir/ValueSet/2.16.840.1.113762.1.4.1178.87,20250329, 
http://cts.nlm.nih.gov/fhir/ValueSet/2.16.840.1.113762.1.4.1248.272,20241024, 
http://cts.nlm.nih.gov/fhir/ValueSet/2.16.840.1.113762.1.4.1248.256,20250206, 
http://cts.nlm.nih.gov/fhir/ValueSet/2.16.840.1.113883.3.117.1.7.1.424,20250206, 
http://cts.nlm.nih.gov/fhir/ValueSet/2.16.840.1.113883.3.117.1.7.1.247,20210220, 
http://cts.nlm.nih.gov/fhir/ValueSet/2.16.840.1.113883.3.117.1.7.1.279,20210220, 
http://cts.nlm.nih.gov/fhir/ValueSet/2.16.840.1.113883.3.117.1.7.1.256,20240203, 
http://cts.nlm.nih.gov/fhir/ValueSet/2.16.840.1.113883.3.117.1.7.1.214,20230117, 
http://cts.nlm.nih.gov/fhir/ValueSet/2.16.840.1.113883.3.117.1.7.1.230,20210220, 
http://cts.nlm.nih.gov/fhir/ValueSet/2.16.840.1.113883.3.117.1.7.1.205,20240203, 
http://cts.nlm.nih.gov/fhir/ValueSet/2.16.840.1.113762.1.4.1045.41,20230117, 
http://cts.nlm.nih.gov/fhir/ValueSet/2.16.840.1.113883.3.117.1.7.1.211,20210220, 
http://cts.nlm.nih.gov/fhir/ValueSet/2.16.840.1.113762.1.4.1045.39,20240203, 
http://cts.nlm.nih.gov/fhir/ValueSet/2.16.840.1.113883.3.117.1.7.1.219,20230117, 
http://cts.nlm.nih.gov/fhir/ValueSet/2.16.840.1.113883.3.117.1.7.1.134,20220212, 
http://cts.nlm.nih.gov/fhir/ValueSet/2.16.840.1.113762.1.4.1110.50,20220219, 
http://cts.nlm.nih.gov/fhir/ValueSet/2.16.840.1.113883.3.117.1.7.1.218,20210220, 
http://cts.nlm.nih.gov/fhir/ValueSet/2.16.840.1.113883.3.117.1.7.1.232,20210220, 
http://cts.nlm.nih.gov/fhir/ValueSet/2.16.840.1.113762.1.4.1110.66,20220212, 
http://cts.nlm.nih.gov/fhir/ValueSet/2.16.840.1.113762.1.4.1110.65,20220212, 
http://cts.nlm.nih.gov/fhir/ValueSet/2.16.840.1.113762.1.4.1110.64,20220212, 
http://cts.nlm.nih.gov/fhir/ValueSet/2.16.840.1.113883.3.117.1.7.1.255,20210220, 
http://cts.nlm.nih.gov/fhir/ValueSet/2.16.840.1.113883.3.666.5.1743,20210220, 
http://cts.nlm.nih.gov/fhir/ValueSet/2.16.840.1.113883.3.117.1.7.1.257,20210220, 
http://cts.nlm.nih.gov/fhir/ValueSet/2.16.840.1.113883.3.117.1.7.1.258,20210220, 
http://cts.nlm.nih.gov/fhir/ValueSet/2.16.840.1.113883.3.117.1.7.1.259,20210220, 
http://cts.nlm.nih.gov/fhir/ValueSet/2.16.840.1.113883.3.117.1.7.1.260,20210220, 
http://cts.nlm.nih.gov/fhir/ValueSet/2.16.840.1.113883.3.117.1.7.1.261,20210220, 
http://cts.nlm.nih.gov/fhir/ValueSet/2.16.840.1.113883.3.117.1.7.1.272,20210220, 
http://cts.nlm.nih.gov/fhir/ValueSet/2.16.840.1.113883.3.117.1.7.1.212,20210220, 
http://cts.nlm.nih.gov/fhir/ValueSet/2.16.840.1.113762.1.4.1029.206,20210220, 
http://cts.nlm.nih.gov/fhir/ValueSet/2.16.840.1.113883.3.117.1.7.1.222,20210220, 
http://cts.nlm.nih.gov/fhir/ValueSet/2.16.840.1.113883.3.117.1.7.1.400,20240203, 
http://cts.nlm.nih.gov/fhir/ValueSet/2.16.840.1.113883.3.464.1003.105.12.1004,20210220, 
http://cts.nlm.nih.gov/fhir/ValueSet/2.16.840.1.113883.3.117.1.7.1.264,20210220, 
http://cts.nlm.nih.gov/fhir/ValueSet/2.16.840.1.113883.3.117.1.7.1.223,20210220, 
http://cts.nlm.nih.gov/fhir/ValueSet/2.16.840.1.113762.1.4.1110.38,20190426, 
http://cts.nlm.nih.gov/fhir/ValueSet/2.16.840.1.113883.3.3157.4056,20190216, 
http://cts.nlm.nih.gov/fhir/ValueSet/2.16.840.1.113762.1.4.1045.134,20250207, 
http://cts.nlm.nih.gov/fhir/ValueSet/2.16.840.1.113762.1.4.1045.117,20230214, 
http://cts.nlm.nih.gov/fhir/ValueSet/2.16.840.1.113762.1.4.1045.152,20250220, 
http://cts.nlm.nih.gov/fhir/ValueSet/2.16.840.1.113762.1.4.1045.159,20230214, 
http://cts.nlm.nih.gov/fhir/ValueSet/2.16.840.1.113883.3.526.2.1341,20240202, 
http://cts.nlm.nih.gov/fhir/ValueSet/2.16.840.1.113762.1.4.1045.130,20230214, 
http://cts.nlm.nih.gov/fhir/ValueSet/2.16.840.1.113762.1.4.1045.163,20230214, 
http://cts.nlm.nih.gov/fhir/ValueSet/2.16.840.1.113762.1.4.1248.21,20220415, 
http://cts.nlm.nih.gov/fhir/ValueSet/2.16.840.1.113762.1.4.1248.19,20230205, 
http://cts.nlm.nih.gov/fhir/ValueSet/2.16.840.1.113762.1.4.1248.199,20230205, 
http://cts.nlm.nih.gov/fhir/ValueSet/2.16.840.1.113762.1.4.1248.12,20240112, 
http://cts.nlm.nih.gov/fhir/ValueSet/2.16.840.1.113762.1.4.1196.394,20250227, 
http://cts.nlm.nih.gov/fhir/ValueSet/2.16.840.1.113762.1.4.1170.4,20211007, 
http://cts.nlm.nih.gov/fhir/ValueSet/2.16.840.1.113883.3.3157.4036,20190216, 
http://cts.nlm.nih.gov/fhir/ValueSet/2.16.840.1.113883.3.3157.4031,20190216, 
http://cts.nlm.nih.gov/fhir/ValueSet/2.16.840.1.113762.1.4.1170.5,20250211, 
http://cts.nlm.nih.gov/fhir/ValueSet/2.16.840.1.113883.3.3157.4028,20190216, 
http://cts.nlm.nih.gov/fhir/ValueSet/2.16.840.1.113883.3.3157.4048,20190216, 
http://cts.nlm.nih.gov/fhir/ValueSet/2.16.840.1.113883.3.3157.4025,20190216, 
http://cts.nlm.nih.gov/fhir/ValueSet/2.16.840.1.113883.3.3157.4026,20190216, 
http://cts.nlm.nih.gov/fhir/ValueSet/2.16.840.1.113883.3.3157.4043,20190216, 
http://cts.nlm.nih.gov/fhir/ValueSet/2.16.840.1.113762.1.4.1170.3,20211005, 
http://cts.nlm.nih.gov/fhir/ValueSet/2.16.840.1.113883.3.464.1003.114.12.1012,20240217, 
http://cts.nlm.nih.gov/fhir/ValueSet/2.16.840.1.113883.3.3157.4055,20190216, 
http://cts.nlm.nih.gov/fhir/ValueSet/2.16.840.1.113883.3.3157.4017,20190216, 
http://cts.nlm.nih.gov/fhir/ValueSet/2.16.840.1.113883.3.3157.4019,20230218, 
http://cts.nlm.nih.gov/fhir/ValueSet/2.16.840.1.113883.3.3157.4045,20230218, 
http://cts.nlm.nih.gov/fhir/ValueSet/2.16.840.1.113762.1.4.1045.69,20250212, 
http://cts.nlm.nih.gov/fhir/ValueSet/2.16.840.1.113762.1.4.1170.2,20220218, 
http://cts.nlm.nih.gov/fhir/ValueSet/2.16.840.1.113883.3.3157.4052,20250211, 
http://cts.nlm.nih.gov/fhir/ValueSet/2.16.840.1.113883.3.3157.2000.5,20180523, 
http://cts.nlm.nih.gov/fhir/ValueSet/2.16.840.1.113762.1.4.1282.1,20241121, 
http://cts.nlm.nih.gov/fhir/ValueSet/2.16.840.1.113762.1.4.1282.2,20241121, 
http://cts.nlm.nih.gov/fhir/ValueSet/2.16.840.1.113762.1.4.1170.6,20250211, 
http://cts.nlm.nih.gov/fhir/ValueSet/2.16.840.1.113883.3.464.1003.110.11.1150, GROUPED, 
http://cts.nlm.nih.gov/fhir/ValueSet/2.16.840.1.113883.3.464.1003.110.11.1151, GROUPED, 
http://cts.nlm.nih.gov/fhir/ValueSet/2.16.840.1.113883.3.526.2.1353, GROUPED, 
http://cts.nlm.nih.gov/fhir/ValueSet/2.16.840.1.113762.1.4.1222.418, GROUPED, 
http://cts.nlm.nih.gov/fhir/ValueSet/2.16.840.1.113762.1.4.1222.417, GROUPED, 
http://cts.nlm.nih.gov/fhir/ValueSet/2.16.840.1.113762.1.4.1160.23, GROUPED, 
http://cts.nlm.nih.gov/fhir/ValueSet/2.16.840.1.113762.1.4.1160.21, GROUPED, 
http://cts.nlm.nih.gov/fhir/ValueSet/2.16.840.1.113762.1.4.1160.22, GROUPED, 
http://cts.nlm.nih.gov/fhir/ValueSet/2.16.840.1.113762.1.4.1160.9, GROUPED, 
http://cts.nlm.nih.gov/fhir/ValueSet/2.16.840.1.113762.1.4.1160.7, GROUPED, 
http://cts.nlm.nih.gov/fhir/ValueSet/2.16.840.1.113762.1.4.1160.8, GROUPED, 
http://cts.nlm.nih.gov/fhir/ValueSet/2.16.840.1.113762.1.4.1160.6, GROUPED, 
http://cts.nlm.nih.gov/fhir/ValueSet/2.16.840.1.113762.1.4.1160.4, GROUPED, 
http://cts.nlm.nih.gov/fhir/ValueSet/2.16.840.1.113762.1.4.1248.374, GROUPED, 
http://cts.nlm.nih.gov/fhir/ValueSet/2.16.840.1.113883.3.464.1003.101.11.1110, GROUPED, 
http://cts.nlm.nih.gov/fhir/ValueSet/2.16.840.1.113883.3.464.1003.101.11.1120, GROUPED, 
http://cts.nlm.nih.gov/fhir/ValueSet/2.16.840.1.113762.1.4.1248.376, GROUPED, 
http://cts.nlm.nih.gov/fhir/ValueSet/2.16.840.1.113883.3.464.1003.101.11.1278, GROUPED, 
http://cts.nlm.nih.gov/fhir/ValueSet/2.16.840.1.113883.3.464.1003.101.11.1284, GROUPED, 
http://cts.nlm.nih.gov/fhir/ValueSet/2.16.840.1.113883.3.464.1003.101.11.1277, GROUPED, 
http://cts.nlm.nih.gov/fhir/ValueSet/2.16.840.1.113883.3.464.1003.199.11.1064, GROUPED, 
http://cts.nlm.nih.gov/fhir/ValueSet/2.16.840.1.113883.3.464.1003.120.11.1001, GROUPED, 
http://cts.nlm.nih.gov/fhir/ValueSet/2.16.840.1.113883.3.464.1003.120.11.1003, GROUPED, 
http://cts.nlm.nih.gov/fhir/ValueSet/2.16.840.1.113883.3.464.1003.1163, GROUPED, 
http://cts.nlm.nih.gov/fhir/ValueSet/2.16.840.1.113883.3.464.1003.110.11.1070, GROUPED, 
http://cts.nlm.nih.gov/fhir/ValueSet/2.16.840.1.113883.3.464.1003.110.11.1068, GROUPED, 
http://cts.nlm.nih.gov/fhir/ValueSet/2.16.840.1.113883.3.67.1.101.1.271, GROUPED, 
http://cts.nlm.nih.gov/fhir/ValueSet/2.16.840.1.113883.3.67.1.101.1.272, GROUPED, 
http://cts.nlm.nih.gov/fhir/ValueSet/2.16.840.1.113883.3.464.1003.199.11.1105, GROUPED, 
http://cts.nlm.nih.gov/fhir/ValueSet/2.16.840.1.113883.3.464.1003.199.11.1106, GROUPED, 
http://cts.nlm.nih.gov/fhir/ValueSet/2.16.840.1.113883.3.464.1003.108.11.1027, GROUPED, 
http://cts.nlm.nih.gov/fhir/ValueSet/2.16.840.1.113883.3.464.1003.108.11.1025, GROUPED, 
http://cts.nlm.nih.gov/fhir/ValueSet/2.16.840.1.113883.3.464.1003.110.11.1078, GROUPED, 
http://cts.nlm.nih.gov/fhir/ValueSet/2.16.840.1.113883.3.464.1003.110.11.1080, GROUPED, 
http://cts.nlm.nih.gov/fhir/ValueSet/2.16.840.1.113883.3.464.1003.110.11.1089, GROUPED, 
http://cts.nlm.nih.gov/fhir/ValueSet/2.16.840.1.113883.3.464.1003.110.11.1087, GROUPED, 
http://cts.nlm.nih.gov/fhir/ValueSet/2.16.840.1.113883.3.464.1003.110.11.110, GROUPED, 
http://cts.nlm.nih.gov/fhir/ValueSet/2.16.840.1.113883.3.464.1003.110.11.1098, GROUPED, 
http://cts.nlm.nih.gov/fhir/ValueSet/2.16.840.1.113883.3.464.1003.120.11.1012, GROUPED, 
http://cts.nlm.nih.gov/fhir/ValueSet/2.16.840.1.113883.3.464.1003.120.11.1011, GROUPED, 
http://cts.nlm.nih.gov/fhir/ValueSet/2.16.840.1.113883.3.464.1003.110.11.1104, GROUPED, 
http://cts.nlm.nih.gov/fhir/ValueSet/2.16.840.1.113883.3.464.1003.110.11.1105, GROUPED, 
http://cts.nlm.nih.gov/fhir/ValueSet/2.16.840.1.113883.3.464.1003.196.11.1220, GROUPED, 
http://cts.nlm.nih.gov/fhir/ValueSet/2.16.840.1.113883.3.464.1003.196.11.1212, GROUPED, 
http://cts.nlm.nih.gov/fhir/ValueSet/2.16.840.1.113883.3.464.1003.196.11.1214, GROUPED, 
http://cts.nlm.nih.gov/fhir/ValueSet/2.16.840.1.113883.3.464.1003.196.11.1216, GROUPED, 
http://cts.nlm.nih.gov/fhir/ValueSet/2.16.840.1.113883.3.464.1003.110.11.1152, GROUPED, 
http://cts.nlm.nih.gov/fhir/ValueSet/2.16.840.1.113883.3.464.1003.110.11.1154, GROUPED, 
http://cts.nlm.nih.gov/fhir/ValueSet/2.16.840.1.113883.3.464.1003.196.11.1222, GROUPED, 
http://cts.nlm.nih.gov/fhir/ValueSet/2.16.840.1.113883.3.464.1003.199.11.1107, GROUPED, 
http://cts.nlm.nih.gov/fhir/ValueSet/2.16.840.1.113883.3.464.1003.196.11.1235, GROUPED, 
http://cts.nlm.nih.gov/fhir/ValueSet/2.16.840.1.113883.3.464.1003.196.11.1228, GROUPED, 
http://cts.nlm.nih.gov/fhir/ValueSet/2.16.840.1.113883.3.464.1003.196.11.1232, GROUPED, 
http://cts.nlm.nih.gov/fhir/ValueSet/2.16.840.1.113883.3.464.1003.196.11.1234, GROUPED, 
http://cts.nlm.nih.gov/fhir/ValueSet/2.16.840.1.113883.3.464.1003.110.11.1115, GROUPED, 
http://cts.nlm.nih.gov/fhir/ValueSet/2.16.840.1.113883.3.464.1003.110.11.1116, GROUPED, 
http://cts.nlm.nih.gov/fhir/ValueSet/2.16.840.1.113883.3.464.1003.110.11.1065, GROUPED, 
http://cts.nlm.nih.gov/fhir/ValueSet/2.16.840.1.113883.3.464.1003.110.11.1066, GROUPED, 
http://cts.nlm.nih.gov/fhir/ValueSet/2.16.840.1.113883.3.464.1003.110.11.1110, GROUPED, 
http://cts.nlm.nih.gov/fhir/ValueSet/2.16.840.1.113883.3.464.1003.110.11.1109, GROUPED, 
http://cts.nlm.nih.gov/fhir/ValueSet/2.16.840.1.113883.3.464.1003.110.11.1111, GROUPED, 
http://cts.nlm.nih.gov/fhir/ValueSet/2.16.840.1.113883.3.464.1003.110.11.1112, GROUPED, 
http://cts.nlm.nih.gov/fhir/ValueSet/2.16.840.1.113883.3.464.1003.110.11.1153, GROUPED, 
http://cts.nlm.nih.gov/fhir/ValueSet/2.16.840.1.113883.3.464.1003.110.11.1156, GROUPED, 
http://cts.nlm.nih.gov/fhir/ValueSet/2.16.840.1.113883.3.464.1003.110.11.1155, GROUPED, 
http://cts.nlm.nih.gov/fhir/ValueSet/2.16.840.1.113883.3.464.1003.110.11.1157, GROUPED, 
http://cts.nlm.nih.gov/fhir/ValueSet/2.16.840.1.113883.3.464.1003.110.11.1117, GROUPED, 
http://cts.nlm.nih.gov/fhir/ValueSet/2.16.840.1.113883.3.464.1003.110.11.1118, GROUPED, 
http://cts.nlm.nih.gov/fhir/ValueSet/2.16.840.1.113883.3.464.1003.199.11.1108, GROUPED, 
http://cts.nlm.nih.gov/fhir/ValueSet/2.16.840.1.113883.3.464.1003.110.11.1086, GROUPED, 
http://cts.nlm.nih.gov/fhir/ValueSet/2.16.840.1.113883.3.464.1003.110.11.1085, GROUPED, 
http://cts.nlm.nih.gov/fhir/ValueSet/2.16.840.1.113883.3.464.1003.110.11.1133, GROUPED, 
http://cts.nlm.nih.gov/fhir/ValueSet/2.16.840.1.113883.3.464.1003.110.11.1119, GROUPED, 
http://cts.nlm.nih.gov/fhir/ValueSet/2.16.840.1.113883.3.464.1003.110.11.1148, GROUPED, 
http://cts.nlm.nih.gov/fhir/ValueSet/2.16.840.1.113883.3.464.1003.110.11.1121, GROUPED, 
http://cts.nlm.nih.gov/fhir/ValueSet/2.16.840.1.113883.3.464.1003.110.11.1120, GROUPED, 
http://cts.nlm.nih.gov/fhir/ValueSet/2.16.840.1.113883.3.464.1003.110.11.1149, GROUPED, 
http://cts.nlm.nih.gov/fhir/ValueSet/2.16.840.1.113883.3.464.1003.110.11.1107, GROUPED, 
http://cts.nlm.nih.gov/fhir/ValueSet/2.16.840.1.113883.3.464.1003.110.11.1106, GROUPED, 
http://cts.nlm.nih.gov/fhir/ValueSet/2.16.840.1.113883.3.464.1003.110.11.1129, GROUPED, 
http://cts.nlm.nih.gov/fhir/ValueSet/2.16.840.1.113883.3.464.1003.113.11.1309, GROUPED, 
http://cts.nlm.nih.gov/fhir/ValueSet/2.16.840.1.113883.3.464.1003.113.11.1308, GROUPED, 
http://cts.nlm.nih.gov/fhir/ValueSet/2.16.840.1.113883.3.464.1003.118.11.1220, GROUPED, 
http://cts.nlm.nih.gov/fhir/ValueSet/2.16.840.1.113883.3.464.1003.101.11.1276, GROUPED, 
http://cts.nlm.nih.gov/fhir/ValueSet/2.16.840.1.113883.3.464.1003.101.11.1279, GROUPED, 
http://cts.nlm.nih.gov/fhir/ValueSet/2.16.840.1.113883.3.464.1003.196.11.1517, GROUPED, 
http://cts.nlm.nih.gov/fhir/ValueSet/2.16.840.1.113883.3.464.1003.113.11.1310, GROUPED, 
http://cts.nlm.nih.gov/fhir/ValueSet/2.16.840.1.113883.3.464.1003.113.11.1311, GROUPED, 
http://cts.nlm.nih.gov/fhir/ValueSet/2.16.840.1.113883.3.464.1003.196.11.1530, GROUPED, 
http://cts.nlm.nih.gov/fhir/ValueSet/2.16.840.1.113883.3.526.2.450, GROUPED, 
http://cts.nlm.nih.gov/fhir/ValueSet/2.16.840.1.113883.3.526.2.325, GROUPED, 
http://cts.nlm.nih.gov/fhir/ValueSet/2.16.840.1.113762.1.4.1108.127, GROUPED, 
http://cts.nlm.nih.gov/fhir/ValueSet/2.16.840.1.113883.3.526.2.1374, GROUPED, 
http://cts.nlm.nih.gov/fhir/ValueSet/2.16.840.1.113762.1.4.1108.126, GROUPED, 
http://cts.nlm.nih.gov/fhir/ValueSet/2.16.840.1.113883.3.526.2.215, GROUPED, 
http://cts.nlm.nih.gov/fhir/ValueSet/2.16.840.1.113883.3.526.2.213, GROUPED, 
http://cts.nlm.nih.gov/fhir/ValueSet/2.16.840.1.113883.3.526.2.113, GROUPED, 
http://cts.nlm.nih.gov/fhir/ValueSet/2.16.840.1.113762.1.4.1248.277, GROUPED, 
http://cts.nlm.nih.gov/fhir/ValueSet/2.16.840.1.113883.3.526.2.323, GROUPED, 
http://cts.nlm.nih.gov/fhir/ValueSet/2.16.840.1.113883.3.526.2.324, GROUPED, 
http://cts.nlm.nih.gov/fhir/ValueSet/2.16.840.1.113883.3.464.1003.115.11.1248, GROUPED, 
http://cts.nlm.nih.gov/fhir/ValueSet/2.16.840.1.113883.3.526.2.25, GROUPED, 
http://cts.nlm.nih.gov/fhir/ValueSet/2.16.840.1.113883.3.526.2.24, GROUPED, 
http://cts.nlm.nih.gov/fhir/ValueSet/2.16.840.1.113762.1.4.1178.54, GROUPED, 
http://cts.nlm.nih.gov/fhir/ValueSet/2.16.840.1.113762.1.4.1178.55, GROUPED, 
http://cts.nlm.nih.gov/fhir/ValueSet/2.16.840.1.113762.1.4.1178.57, GROUPED, 
http://cts.nlm.nih.gov/fhir/ValueSet/2.16.840.1.113762.1.4.1178.31, GROUPED, 
http://cts.nlm.nih.gov/fhir/ValueSet/2.16.840.1.113762.1.4.1178.32, GROUPED, 
http://cts.nlm.nih.gov/fhir/ValueSet/2.16.840.1.113762.1.4.1178.60, GROUPED, 
http://cts.nlm.nih.gov/fhir/ValueSet/2.16.840.1.113762.1.4.1178.62, GROUPED, 
http://cts.nlm.nih.gov/fhir/ValueSet/2.16.840.1.113883.3.464.1003.114.11.1023, GROUPED, 
http://cts.nlm.nih.gov/fhir/ValueSet/2.16.840.1.113883.3.464.1003.114.11.1021, GROUPED, 
http://cts.nlm.nih.gov/fhir/ValueSet/2.16.840.1.113883.3.464.1003.101.11.1221, GROUPED, 
http://cts.nlm.nih.gov/fhir/ValueSet/2.16.840.1.113883.3.464.1003.101.11.1135, GROUPED, 
http://cts.nlm.nih.gov/fhir/ValueSet/2.16.840.1.113883.3.464.1003.101.11.1130, GROUPED, 
http://cts.nlm.nih.gov/fhir/ValueSet/2.16.840.1.113883.3.464.1003.101.11.1222, GROUPED, 
http://cts.nlm.nih.gov/fhir/ValueSet/2.16.840.1.113883.3.464.1003.122.11.1003, GROUPED, 
http://cts.nlm.nih.gov/fhir/ValueSet/2.16.840.1.113883.3.464.1003.105.11.1206, GROUPED, 
http://cts.nlm.nih.gov/fhir/ValueSet/2.16.840.1.113883.3.464.1003.105.11.1207, GROUPED, 
http://cts.nlm.nih.gov/fhir/ValueSet/2.16.840.1.113883.3.464.1003.106.11.1003, GROUPED, 
http://cts.nlm.nih.gov/fhir/ValueSet/2.16.840.1.113883.3.464.1003.106.11.1001, GROUPED, 
http://cts.nlm.nih.gov/fhir/ValueSet/2.16.840.1.113883.3.464.1003.101.11.1228, GROUPED, 
http://cts.nlm.nih.gov/fhir/ValueSet/2.16.840.1.113883.3.464.1003.101.11.1035, GROUPED, 
http://cts.nlm.nih.gov/fhir/ValueSet/2.16.840.1.113883.3.464.1003.101.11.1030, GROUPED, 
http://cts.nlm.nih.gov/fhir/ValueSet/2.16.840.1.113883.3.464.1003.101.11.1020, GROUPED, 
http://cts.nlm.nih.gov/fhir/ValueSet/2.16.840.1.113883.3.464.1003.106.11.1012, GROUPED, 
http://cts.nlm.nih.gov/fhir/ValueSet/2.16.840.1.113883.3.464.1003.106.11.1036, GROUPED, 
http://cts.nlm.nih.gov/fhir/ValueSet/2.16.840.1.113883.3.464.1003.1258, GROUPED, 
http://cts.nlm.nih.gov/fhir/ValueSet/2.16.840.1.113883.3.464.1003.1259, GROUPED, 
http://cts.nlm.nih.gov/fhir/ValueSet/2.16.840.1.113883.3.464.1003.1151, GROUPED, 
http://cts.nlm.nih.gov/fhir/ValueSet/2.16.840.1.113883.3.464.1003.1155, GROUPED, 
http://cts.nlm.nih.gov/fhir/ValueSet/2.16.840.1.113883.3.464.1003.1152, GROUPED, 
http://cts.nlm.nih.gov/fhir/ValueSet/2.16.840.1.113883.3.526.2.1372, GROUPED, 
http://cts.nlm.nih.gov/fhir/ValueSet/2.16.840.1.113883.3.526.2.1782, GROUPED, 
http://cts.nlm.nih.gov/fhir/ValueSet/2.16.840.1.113883.3.526.2.1062, GROUPED, 
http://cts.nlm.nih.gov/fhir/ValueSet/2.16.840.1.113883.3.526.2.1243, GROUPED, 
http://cts.nlm.nih.gov/fhir/ValueSet/2.16.840.1.113883.3.526.2.1778, GROUPED, 
http://cts.nlm.nih.gov/fhir/ValueSet/2.16.840.1.113883.3.526.2.1752, GROUPED, 
http://cts.nlm.nih.gov/fhir/ValueSet/2.16.840.1.113883.3.526.2.1773, GROUPED, 
http://cts.nlm.nih.gov/fhir/ValueSet/2.16.840.1.113883.3.526.2.425, GROUPED, 
http://cts.nlm.nih.gov/fhir/ValueSet/2.16.840.1.113883.3.526.2.424, GROUPED, 
http://cts.nlm.nih.gov/fhir/ValueSet/2.16.840.1.113883.3.526.2.423, GROUPED, 
http://cts.nlm.nih.gov/fhir/ValueSet/2.16.840.1.113883.3.526.2.511, GROUPED, 
http://cts.nlm.nih.gov/fhir/ValueSet/2.16.840.1.113883.3.526.2.422, GROUPED, 
http://cts.nlm.nih.gov/fhir/ValueSet/2.16.840.1.113883.3.464.1003.118.11.1077, GROUPED, 
http://cts.nlm.nih.gov/fhir/ValueSet/2.16.840.1.113883.3.464.1003.101.11.1232, GROUPED, 
http://cts.nlm.nih.gov/fhir/ValueSet/2.16.840.1.113883.3.464.1003.101.11.1065, GROUPED, 
http://cts.nlm.nih.gov/fhir/ValueSet/2.16.840.1.113883.3.464.1003.102.11.1033, GROUPED, 
http://cts.nlm.nih.gov/fhir/ValueSet/2.16.840.1.113883.3.464.1003.102.11.1031, GROUPED, 
http://cts.nlm.nih.gov/fhir/ValueSet/2.16.840.1.113883.3.464.1003.102.11.1034, GROUPED, 
http://cts.nlm.nih.gov/fhir/ValueSet/2.16.840.1.113883.3.464.1003.102.11.1036, GROUPED, 
http://cts.nlm.nih.gov/fhir/ValueSet/2.16.840.1.113883.3.464.1003.102.11.1067, GROUPED, 
http://cts.nlm.nih.gov/fhir/ValueSet/2.16.840.1.113883.3.464.1003.1193, GROUPED, 
http://cts.nlm.nih.gov/fhir/ValueSet/2.16.840.1.113883.3.464.1003.102.11.1066, GROUPED, 
http://cts.nlm.nih.gov/fhir/ValueSet/2.16.840.1.113883.3.464.1003.1194, GROUPED, 
http://cts.nlm.nih.gov/fhir/ValueSet/2.16.840.1.113883.3.464.1003.110.11.1158, GROUPED, 
http://cts.nlm.nih.gov/fhir/ValueSet/2.16.840.1.113883.3.464.1003.110.11.1159, GROUPED, 
http://cts.nlm.nih.gov/fhir/ValueSet/2.16.840.1.113883.3.464.1003.101.11.1233, GROUPED, 
http://cts.nlm.nih.gov/fhir/ValueSet/2.16.840.1.113883.3.464.1003.198.11.1023, GROUPED, 
http://cts.nlm.nih.gov/fhir/ValueSet/2.16.840.1.113883.3.464.1003.196.11.1001, GROUPED, 
http://cts.nlm.nih.gov/fhir/ValueSet/2.16.840.1.113883.3.464.1003.111.11.1022, GROUPED, 
http://cts.nlm.nih.gov/fhir/ValueSet/2.16.840.1.113883.3.464.1003.111.11.1023, GROUPED, 
http://cts.nlm.nih.gov/fhir/ValueSet/2.16.840.1.113883.3.464.1003.111.11.1032, GROUPED, 
http://cts.nlm.nih.gov/fhir/ValueSet/2.16.840.1.113883.3.464.1003.111.11.1031, GROUPED, 
http://cts.nlm.nih.gov/fhir/ValueSet/2.16.840.1.113883.3.464.1003.111.11.1013, GROUPED, 
http://cts.nlm.nih.gov/fhir/ValueSet/2.16.840.1.113883.3.464.1003.198.11.1055, GROUPED, 
http://cts.nlm.nih.gov/fhir/ValueSet/2.16.840.1.113883.3.464.1003.111.11.1012, GROUPED, 
http://cts.nlm.nih.gov/fhir/ValueSet/2.16.840.1.113883.3.464.1003.110.11.1128, GROUPED, 
http://cts.nlm.nih.gov/fhir/ValueSet/2.16.840.1.113883.3.464.1003.111.11.1019, GROUPED, 
http://cts.nlm.nih.gov/fhir/ValueSet/2.16.840.1.113883.3.464.1003.196.11.1080, GROUPED, 
http://cts.nlm.nih.gov/fhir/ValueSet/2.16.840.1.113883.3.464.1003.196.11.1143, GROUPED, 
http://cts.nlm.nih.gov/fhir/ValueSet/2.16.840.1.113883.3.464.1003.111.11.1030, GROUPED, 
http://cts.nlm.nih.gov/fhir/ValueSet/2.16.840.1.113883.3.464.1003.111.11.1028, GROUPED, 
http://cts.nlm.nih.gov/fhir/ValueSet/2.16.840.1.113883.3.464.1003.111.11.1033, GROUPED, 
http://cts.nlm.nih.gov/fhir/ValueSet/2.16.840.1.113883.3.464.1003.102.11.1059, GROUPED, 
http://cts.nlm.nih.gov/fhir/ValueSet/2.16.840.1.113883.3.464.1003.102.11.1058, GROUPED, 
http://cts.nlm.nih.gov/fhir/ValueSet/2.16.840.1.113883.3.464.1003.195.11.1004, GROUPED, 
http://cts.nlm.nih.gov/fhir/ValueSet/2.16.840.1.113883.3.464.1003.118.11.1042, GROUPED, 
http://cts.nlm.nih.gov/fhir/ValueSet/2.16.840.1.113883.3.464.1003.121.11.1028, GROUPED, 
http://cts.nlm.nih.gov/fhir/ValueSet/2.16.840.1.113883.3.464.1003.121.11.1030, GROUPED, 
http://cts.nlm.nih.gov/fhir/ValueSet/2.16.840.1.113883.3.464.1003.121.11.1031, GROUPED, 
http://cts.nlm.nih.gov/fhir/ValueSet/2.16.840.1.113883.3.464.1003.105.11.1218, GROUPED, 
http://cts.nlm.nih.gov/fhir/ValueSet/2.16.840.1.113883.3.464.1003.105.11.1219, GROUPED, 
http://cts.nlm.nih.gov/fhir/ValueSet/2.16.840.1.113883.3.464.1003.105.11.1216, GROUPED, 
http://cts.nlm.nih.gov/fhir/ValueSet/2.16.840.1.113883.3.464.1003.105.11.1217, GROUPED, 
http://cts.nlm.nih.gov/fhir/ValueSet/2.16.840.1.113883.3.464.1003.105.11.1221, GROUPED, 
http://cts.nlm.nih.gov/fhir/ValueSet/2.16.840.1.113883.3.464.1003.105.11.1220, GROUPED, 
http://cts.nlm.nih.gov/fhir/ValueSet/2.16.840.1.113883.3.464.1003.105.11.1215, GROUPED, 
http://cts.nlm.nih.gov/fhir/ValueSet/2.16.840.1.113883.3.464.1003.105.11.1214, GROUPED, 
http://cts.nlm.nih.gov/fhir/ValueSet/2.16.840.1.113883.3.464.1003.105.11.1210, GROUPED, 
http://cts.nlm.nih.gov/fhir/ValueSet/2.16.840.1.113883.3.464.1003.105.11.1211, GROUPED, 
http://cts.nlm.nih.gov/fhir/ValueSet/2.16.840.1.113883.3.464.1003.105.11.1213, GROUPED, 
http://cts.nlm.nih.gov/fhir/ValueSet/2.16.840.1.113883.3.464.1003.105.11.1212, GROUPED, 
http://cts.nlm.nih.gov/fhir/ValueSet/2.16.840.1.113883.3.464.1003.196.11.1129, GROUPED, 
http://cts.nlm.nih.gov/fhir/ValueSet/2.16.840.1.113883.3.464.1003.1066, GROUPED, 
http://cts.nlm.nih.gov/fhir/ValueSet/2.16.840.1.113883.3.464.1003.196.11.1167, GROUPED, 
http://cts.nlm.nih.gov/fhir/ValueSet/2.16.840.1.113883.3.464.1003.1068, GROUPED, 
http://cts.nlm.nih.gov/fhir/ValueSet/2.16.840.1.113883.3.464.1003.196.11.1255, GROUPED, 
http://cts.nlm.nih.gov/fhir/ValueSet/2.16.840.1.113883.3.464.1003.196.11.1109, GROUPED, 
http://cts.nlm.nih.gov/fhir/ValueSet/2.16.840.1.113883.3.464.1003.196.11.1256, GROUPED, 
http://cts.nlm.nih.gov/fhir/ValueSet/2.16.840.1.113883.3.464.1003.196.11.1078, GROUPED, 
http://cts.nlm.nih.gov/fhir/ValueSet/2.16.840.1.113883.3.464.1003.1249, GROUPED, 
http://cts.nlm.nih.gov/fhir/ValueSet/2.16.840.1.113883.3.464.1003.1250, GROUPED, 
http://cts.nlm.nih.gov/fhir/ValueSet/2.16.840.1.113883.3.464.1003.196.11.1482, GROUPED, 
http://cts.nlm.nih.gov/fhir/ValueSet/2.16.840.1.113883.3.464.1003.1251, GROUPED, 
http://cts.nlm.nih.gov/fhir/ValueSet/2.16.840.1.113883.3.464.1003.196.11.1532, GROUPED, 
http://cts.nlm.nih.gov/fhir/ValueSet/2.16.840.1.113883.3.464.1003.1252, GROUPED, 
http://cts.nlm.nih.gov/fhir/ValueSet/2.16.840.1.113883.3.464.1003.196.11.1531, GROUPED, 
http://cts.nlm.nih.gov/fhir/ValueSet/2.16.840.1.113883.3.464.1003.1253, GROUPED, 
http://cts.nlm.nih.gov/fhir/ValueSet/2.16.840.1.113883.3.464.1003.1254, GROUPED, 
http://cts.nlm.nih.gov/fhir/ValueSet/2.16.840.1.113883.3.464.1003.196.11.1481, GROUPED, 
http://cts.nlm.nih.gov/fhir/ValueSet/2.16.840.1.113883.3.464.1003.1255, GROUPED, 
http://cts.nlm.nih.gov/fhir/ValueSet/2.16.840.1.113883.3.464.1003.1256, GROUPED, 
http://cts.nlm.nih.gov/fhir/ValueSet/2.16.840.1.113883.3.464.1003.1257, GROUPED, 
http://cts.nlm.nih.gov/fhir/ValueSet/2.16.840.1.113883.3.526.2.1073, GROUPED, 
http://cts.nlm.nih.gov/fhir/ValueSet/2.16.840.1.113883.3.526.2.1078, GROUPED, 
http://cts.nlm.nih.gov/fhir/ValueSet/2.16.840.1.113883.3.526.2.1079, GROUPED, 
http://cts.nlm.nih.gov/fhir/ValueSet/2.16.840.1.113883.3.1444.3.241, GROUPED, 
http://cts.nlm.nih.gov/fhir/ValueSet/2.16.840.1.113883.3.1444.3.111, GROUPED, 
http://cts.nlm.nih.gov/fhir/ValueSet/2.16.840.1.113883.3.526.2.1072, GROUPED, 
http://cts.nlm.nih.gov/fhir/ValueSet/2.16.840.1.113883.3.526.2.1071, GROUPED, 
http://cts.nlm.nih.gov/fhir/ValueSet/2.16.840.1.113883.3.1444.3.233, GROUPED, 
http://cts.nlm.nih.gov/fhir/ValueSet/2.16.840.1.113883.3.526.2.1080, GROUPED, 
http://cts.nlm.nih.gov/fhir/ValueSet/2.16.840.1.113883.3.526.2.1081, GROUPED, 
http://cts.nlm.nih.gov/fhir/ValueSet/2.16.840.1.113883.3.526.2.1037, GROUPED, 
http://cts.nlm.nih.gov/fhir/ValueSet/2.16.840.1.113883.3.526.2.1036, GROUPED, 
http://cts.nlm.nih.gov/fhir/ValueSet/2.16.840.1.113883.3.526.2.589, GROUPED, 
http://cts.nlm.nih.gov/fhir/ValueSet/2.16.840.1.113883.3.526.2.590, GROUPED, 
http://cts.nlm.nih.gov/fhir/ValueSet/2.16.840.1.113883.3.464.1003.104.11.1029, GROUPED, 
http://cts.nlm.nih.gov/fhir/ValueSet/2.16.840.1.113883.3.464.1003.104.11.1031, GROUPED, 
http://cts.nlm.nih.gov/fhir/ValueSet/2.16.840.1.113883.3.464.1003.109.11.1060, GROUPED, 
http://cts.nlm.nih.gov/fhir/ValueSet/2.16.840.1.113883.3.464.1003.109.11.1029, GROUPED, 
http://cts.nlm.nih.gov/fhir/ValueSet/2.16.840.1.113883.3.464.1003.109.11.1028, GROUPED, 
http://cts.nlm.nih.gov/fhir/ValueSet/2.16.840.1.113883.3.464.1003.109.11.1027, GROUPED, 
http://cts.nlm.nih.gov/fhir/ValueSet/2.16.840.1.113883.3.464.1003.109.11.1026, GROUPED, 
http://cts.nlm.nih.gov/fhir/ValueSet/2.16.840.1.113883.3.464.1003.109.11.1052, GROUPED, 
http://cts.nlm.nih.gov/fhir/ValueSet/2.16.840.1.113883.3.464.1003.109.11.1025, GROUPED, 
http://cts.nlm.nih.gov/fhir/ValueSet/2.16.840.1.113883.3.464.1003.109.11.1067, GROUPED, 
http://cts.nlm.nih.gov/fhir/ValueSet/2.16.840.1.113883.3.464.1003.109.11.1024, GROUPED, 
http://cts.nlm.nih.gov/fhir/ValueSet/2.16.840.1.113883.3.526.2.1251, GROUPED, 
http://cts.nlm.nih.gov/fhir/ValueSet/2.16.840.1.113883.3.526.2.1779, GROUPED, 
http://cts.nlm.nih.gov/fhir/ValueSet/2.16.840.1.113883.3.526.2.1058, GROUPED, 
http://cts.nlm.nih.gov/fhir/ValueSet/2.16.840.1.113883.3.526.2.1780, GROUPED, 
http://cts.nlm.nih.gov/fhir/ValueSet/2.16.840.1.113883.3.526.2.1912, GROUPED, 
http://cts.nlm.nih.gov/fhir/ValueSet/2.16.840.1.113883.3.526.2.1918, GROUPED, 
http://cts.nlm.nih.gov/fhir/ValueSet/2.16.840.1.113883.3.600.1538, GROUPED, 
http://cts.nlm.nih.gov/fhir/ValueSet/2.16.840.1.113883.3.600.1914, GROUPED, 
http://cts.nlm.nih.gov/fhir/ValueSet/2.16.840.1.113883.3.600.1915, GROUPED, 
http://cts.nlm.nih.gov/fhir/ValueSet/2.16.840.1.113883.3.600.467, GROUPED, 
http://cts.nlm.nih.gov/fhir/ValueSet/2.16.840.1.113883.3.600.468, GROUPED, 
http://cts.nlm.nih.gov/fhir/ValueSet/2.16.840.1.113883.3.600.537, GROUPED, 
http://cts.nlm.nih.gov/fhir/ValueSet/2.16.840.1.113883.3.600.538, GROUPED, 
http://cts.nlm.nih.gov/fhir/ValueSet/2.16.840.1.113883.3.600.469, GROUPED, 
http://cts.nlm.nih.gov/fhir/ValueSet/2.16.840.1.113883.3.600.470, GROUPED, 
http://cts.nlm.nih.gov/fhir/ValueSet/2.16.840.1.113883.3.117.1.7.1.423, GROUPED, 
http://cts.nlm.nih.gov/fhir/ValueSet/2.16.840.1.113762.1.4.1110.41, GROUPED, 
http://cts.nlm.nih.gov/fhir/ValueSet/2.16.840.1.113762.1.4.1047.19, GROUPED, 
http://cts.nlm.nih.gov/fhir/ValueSet/2.16.840.1.113762.1.4.1047.20, GROUPED, 
http://cts.nlm.nih.gov/fhir/ValueSet/2.16.840.1.113762.1.4.1047.10, GROUPED, 
http://cts.nlm.nih.gov/fhir/ValueSet/2.16.840.1.113762.1.4.1047.67, GROUPED, 
http://cts.nlm.nih.gov/fhir/ValueSet/2.16.840.1.113762.1.4.1047.71, GROUPED, 
http://cts.nlm.nih.gov/fhir/ValueSet/2.16.840.1.113762.1.4.1047.39, GROUPED, 
http://cts.nlm.nih.gov/fhir/ValueSet/2.16.840.1.113762.1.4.1047.91, GROUPED, 
http://cts.nlm.nih.gov/fhir/ValueSet/2.16.840.1.113762.1.4.1047.85, GROUPED, 
http://cts.nlm.nih.gov/fhir/ValueSet/2.16.840.1.113762.1.4.1047.70, GROUPED, 
http://cts.nlm.nih.gov/fhir/ValueSet/2.16.840.1.113762.1.4.1047.41, GROUPED, 
http://cts.nlm.nih.gov/fhir/ValueSet/2.16.840.1.113762.1.4.1047.12, GROUPED, 
http://cts.nlm.nih.gov/fhir/ValueSet/2.16.840.1.113762.1.4.1047.43, GROUPED, 
http://cts.nlm.nih.gov/fhir/ValueSet/2.16.840.1.113883.3.3157.4015, GROUPED, 
http://cts.nlm.nih.gov/fhir/ValueSet/2.16.840.1.113762.1.4.1047.13, GROUPED, 
http://cts.nlm.nih.gov/fhir/ValueSet/2.16.840.1.113762.1.4.1047.89, GROUPED, 
http://cts.nlm.nih.gov/fhir/ValueSet/2.16.840.1.113762.1.4.1047.69, GROUPED, 
http://cts.nlm.nih.gov/fhir/ValueSet/2.16.840.1.113762.1.4.1047.37, GROUPED, 
http://cts.nlm.nih.gov/fhir/ValueSet/2.16.840.1.113762.1.4.1108.84, GROUPED, 
http://cts.nlm.nih.gov/fhir/ValueSet/2.16.840.1.113762.1.4.1108.78, GROUPED, 
http://cts.nlm.nih.gov/fhir/ValueSet/2.16.840.1.113762.1.4.1047.9, GROUPED, 
http://cts.nlm.nih.gov/fhir/ValueSet/2.16.840.1.113762.1.4.1248.301, GROUPED, 
http://cts.nlm.nih.gov/fhir/ValueSet/2.16.840.1.113762.1.4.1047.97, GROUPED, 
http://cts.nlm.nih.gov/fhir/ValueSet/2.16.840.1.113762.1.4.1047.107, GROUPED, 
http://cts.nlm.nih.gov/fhir/ValueSet/2.16.840.1.113762.1.4.1047.98, GROUPED, 
http://cts.nlm.nih.gov/fhir/ValueSet/2.16.840.1.113883.3.666.5.2262, GROUPED, 
http://cts.nlm.nih.gov/fhir/ValueSet/2.16.840.1.113883.3.666.5.1668, GROUPED, 
http://cts.nlm.nih.gov/fhir/ValueSet/2.16.840.1.113762.1.4.1138.565, GROUPED, 
http://cts.nlm.nih.gov/fhir/ValueSet/2.16.840.1.113762.1.4.1138.564, GROUPED, 
http://cts.nlm.nih.gov/fhir/ValueSet/2.16.840.1.113883.3.117.1.7.1.238, GROUPED, 
http://cts.nlm.nih.gov/fhir/ValueSet/2.16.840.1.113883.3.117.1.7.1.239, GROUPED, 
http://cts.nlm.nih.gov/fhir/ValueSet/2.16.840.1.113762.1.4.1045.66, GROUPED, 
http://cts.nlm.nih.gov/fhir/ValueSet/2.16.840.1.113883.3.666.5.737, GROUPED, 
http://cts.nlm.nih.gov/fhir/ValueSet/2.16.840.1.113883.11.20.9.31, GROUPED, 
http://cts.nlm.nih.gov/fhir/ValueSet/2.16.840.1.113883.3.464.1003.121.11.1011, GROUPED, 
http://cts.nlm.nih.gov/fhir/ValueSet/2.16.840.1.113883.3.464.1003.101.11.1215, GROUPED, 
http://cts.nlm.nih.gov/fhir/ValueSet/2.16.840.1.113883.3.464.1003.1177, GROUPED, 
http://cts.nlm.nih.gov/fhir/ValueSet/2.16.840.1.113883.3.464.1003.1230, GROUPED, 
http://cts.nlm.nih.gov/fhir/ValueSet/2.16.840.1.113883.3.464.1003.1179, GROUPED, 
http://cts.nlm.nih.gov/fhir/ValueSet/2.16.840.1.113883.3.464.1003.1231, GROUPED, 
http://cts.nlm.nih.gov/fhir/ValueSet/2.16.840.1.113883.3.464.1003.1232, GROUPED, 
http://cts.nlm.nih.gov/fhir/ValueSet/2.16.840.1.113883.3.464.1003.1181, GROUPED, 
http://cts.nlm.nih.gov/fhir/ValueSet/2.16.840.1.113883.3.464.1003.1234, GROUPED, 
http://cts.nlm.nih.gov/fhir/ValueSet/2.16.840.1.113883.3.464.1003.1183, GROUPED, 
http://cts.nlm.nih.gov/fhir/ValueSet/2.16.840.1.113883.3.464.1003.1233, GROUPED, 
http://cts.nlm.nih.gov/fhir/ValueSet/2.16.840.1.113883.3.464.1003.198.11.1080, GROUPED, 
http://cts.nlm.nih.gov/fhir/ValueSet/2.16.840.1.113883.3.464.1003.198.11.1009, GROUPED, 
http://cts.nlm.nih.gov/fhir/ValueSet/2.16.840.1.113883.3.464.1003.1238, GROUPED, 
http://cts.nlm.nih.gov/fhir/ValueSet/2.16.840.1.113883.3.464.1003.1235, GROUPED, 
http://cts.nlm.nih.gov/fhir/ValueSet/2.16.840.1.113883.3.464.1003.1237, GROUPED, 
http://cts.nlm.nih.gov/fhir/ValueSet/2.16.840.1.113883.3.464.1003.1188, GROUPED, 
http://cts.nlm.nih.gov/fhir/ValueSet/2.16.840.1.113883.3.464.1003.1236, GROUPED, 
http://cts.nlm.nih.gov/fhir/ValueSet/2.16.840.1.113762.1.4.1047.501, GROUPED, 
http://cts.nlm.nih.gov/fhir/ValueSet/2.16.840.1.113883.3.600.2387, GROUPED, 
http://cts.nlm.nih.gov/fhir/ValueSet/2.16.840.1.113883.3.600.2388, GROUPED, 
http://cts.nlm.nih.gov/fhir/ValueSet/2.16.840.1.113762.1.4.1108.99, GROUPED, 
http://cts.nlm.nih.gov/fhir/ValueSet/2.16.840.1.113883.3.600.1.695, GROUPED, 
http://cts.nlm.nih.gov/fhir/ValueSet/2.16.840.1.113883.3.600.1.886, GROUPED, 
http://cts.nlm.nih.gov/fhir/ValueSet/2.16.840.1.113883.3.600.1.885, GROUPED, 
http://cts.nlm.nih.gov/fhir/ValueSet/2.16.840.1.113883.3.600.1.1526, GROUPED, 
http://cts.nlm.nih.gov/fhir/ValueSet/2.16.840.1.113762.1.4.1047.515, GROUPED, 
http://cts.nlm.nih.gov/fhir/ValueSet/2.16.840.1.113883.3.600.1.1523, GROUPED, 
http://cts.nlm.nih.gov/fhir/ValueSet/2.16.840.1.113883.3.600.1.1524, GROUPED, 
http://cts.nlm.nih.gov/fhir/ValueSet/2.16.840.1.113883.3.600.1.1519, GROUPED, 
http://cts.nlm.nih.gov/fhir/ValueSet/2.16.840.1.113883.3.600.1.1551, GROUPED, 
http://cts.nlm.nih.gov/fhir/ValueSet/2.16.840.1.113883.3.600.1.1549, GROUPED, 
http://cts.nlm.nih.gov/fhir/ValueSet/2.16.840.1.113883.3.600.1.1550, GROUPED, 
http://cts.nlm.nih.gov/fhir/ValueSet/2.16.840.1.113883.3.600.1.1610, GROUPED, 
http://cts.nlm.nih.gov/fhir/ValueSet/2.16.840.1.113883.3.600.1.1498, GROUPED, 
http://cts.nlm.nih.gov/fhir/ValueSet/2.16.840.1.113883.3.600.1.1499, GROUPED, 
http://cts.nlm.nih.gov/fhir/ValueSet/2.16.840.1.113883.3.464.1003.125.11.1010, GROUPED, 
http://cts.nlm.nih.gov/fhir/ValueSet/2.16.840.1.113883.3.464.1003.125.11.1011, GROUPED, 
http://cts.nlm.nih.gov/fhir/ValueSet/2.16.840.1.113883.3.464.1003.125.11.1004, GROUPED, 
http://cts.nlm.nih.gov/fhir/ValueSet/2.16.840.1.113883.3.464.1003.125.11.1007, GROUPED, 
http://cts.nlm.nih.gov/fhir/ValueSet/2.16.840.1.113883.3.464.1003.125.11.1009, GROUPED, 
http://cts.nlm.nih.gov/fhir/ValueSet/2.16.840.1.113883.3.6929.2.1000, GROUPED, 
http://cts.nlm.nih.gov/fhir/ValueSet/2.16.840.1.113883.3.6929.2.1002, GROUPED, 
http://cts.nlm.nih.gov/fhir/ValueSet/2.16.840.1.113762.1.4.1248.271, GROUPED, 
http://cts.nlm.nih.gov/fhir/ValueSet/2.16.840.1.113762.1.4.1110.58, GROUPED, 
http://cts.nlm.nih.gov/fhir/ValueSet/2.16.840.1.113762.1.4.1110.60, GROUPED, 
http://cts.nlm.nih.gov/fhir/ValueSet/2.16.840.1.113883.3.117.1.7.1.251, GROUPED, 
http://cts.nlm.nih.gov/fhir/ValueSet/2.16.840.1.113883.3.117.1.7.1.252, GROUPED, 
http://cts.nlm.nih.gov/fhir/ValueSet/2.16.840.1.113762.1.4.1110.59, GROUPED, 
http://cts.nlm.nih.gov/fhir/ValueSet/2.16.840.1.113762.1.4.1110.57, GROUPED, 
http://cts.nlm.nih.gov/fhir/ValueSet/2.16.840.1.113883.3.117.1.7.1.328, GROUPED, 
http://cts.nlm.nih.gov/fhir/ValueSet/2.16.840.1.113883.3.117.1.7.1.330, GROUPED, 
http://cts.nlm.nih.gov/fhir/ValueSet/2.16.840.1.113883.3.117.1.7.1.361, GROUPED, 
http://cts.nlm.nih.gov/fhir/ValueSet/2.16.840.1.113883.3.117.1.7.1.365, GROUPED, 
http://cts.nlm.nih.gov/fhir/ValueSet/2.16.840.1.113883.3.117.1.7.1.348, GROUPED, 
http://cts.nlm.nih.gov/fhir/ValueSet/2.16.840.1.113762.1.4.1045.38, GROUPED, 
http://cts.nlm.nih.gov/fhir/ValueSet/2.16.840.1.113883.3.117.1.7.1.310, GROUPED, 
http://cts.nlm.nih.gov/fhir/ValueSet/2.16.840.1.113883.3.117.1.7.1.313, GROUPED, 
http://cts.nlm.nih.gov/fhir/ValueSet/2.16.840.1.113883.3.117.1.7.1.325, GROUPED, 
http://cts.nlm.nih.gov/fhir/ValueSet/2.16.840.1.113883.3.117.1.7.1.323, GROUPED, 
http://cts.nlm.nih.gov/fhir/ValueSet/2.16.840.1.113883.3.117.1.7.1.321, GROUPED, 
http://cts.nlm.nih.gov/fhir/ValueSet/2.16.840.1.113883.3.117.1.7.1.319, GROUPED, 
http://cts.nlm.nih.gov/fhir/ValueSet/2.16.840.1.113883.3.117.1.7.1.344, GROUPED, 
http://cts.nlm.nih.gov/fhir/ValueSet/2.16.840.1.113883.3.117.1.7.1.346, GROUPED, 
http://cts.nlm.nih.gov/fhir/ValueSet/2.16.840.1.113883.3.117.1.7.1.315, GROUPED, 
http://cts.nlm.nih.gov/fhir/ValueSet/2.16.840.1.113883.3.117.1.7.1.317, GROUPED, 
http://cts.nlm.nih.gov/fhir/ValueSet/2.16.840.1.113883.3.117.1.7.1.331, GROUPED, 
http://cts.nlm.nih.gov/fhir/ValueSet/2.16.840.1.113883.3.117.1.7.1.333, GROUPED, 
http://cts.nlm.nih.gov/fhir/ValueSet/2.16.840.1.113883.3.117.1.7.1.234, GROUPED, 
http://cts.nlm.nih.gov/fhir/ValueSet/2.16.840.1.113883.3.117.1.7.1.235, GROUPED, 
http://cts.nlm.nih.gov/fhir/ValueSet/2.16.840.1.113762.1.4.1110.23, GROUPED, 
http://cts.nlm.nih.gov/fhir/ValueSet/2.16.840.1.113762.1.4.1029.204, GROUPED, 
http://cts.nlm.nih.gov/fhir/ValueSet/2.16.840.1.113883.3.464.1003.105.11.1010, GROUPED, 
http://cts.nlm.nih.gov/fhir/ValueSet/2.16.840.1.113883.3.464.1003.105.11.1012, GROUPED, 
http://cts.nlm.nih.gov/fhir/ValueSet/2.16.840.1.113883.3.117.1.7.1.338, GROUPED, 
http://cts.nlm.nih.gov/fhir/ValueSet/2.16.840.1.113883.3.117.1.7.1.340, GROUPED, 
http://cts.nlm.nih.gov/fhir/ValueSet/2.16.840.1.113883.3.666.5.1250, GROUPED, 
http://cts.nlm.nih.gov/fhir/ValueSet/2.16.840.1.113883.3.117.1.7.1.1, GROUPED, 
http://cts.nlm.nih.gov/fhir/ValueSet/2.16.840.1.113762.1.4.1248.4, GROUPED, 
http://cts.nlm.nih.gov/fhir/ValueSet/2.16.840.1.113762.1.4.1147.187, GROUPED, 
http://cts.nlm.nih.gov/fhir/ValueSet/2.16.840.1.113762.1.4.1248.200, GROUPED, 
http://cts.nlm.nih.gov/fhir/ValueSet/2.16.840.1.113762.1.4.1147.193, GROUPED, 
http://cts.nlm.nih.gov/fhir/ValueSet/2.16.840.1.113762.1.4.1147.190, GROUPED, 
http://cts.nlm.nih.gov/fhir/ValueSet/2.16.840.1.113762.1.4.1147.191, GROUPED, 
http://cts.nlm.nih.gov/fhir/ValueSet/2.16.840.1.113762.1.4.1147.188, GROUPED, 
http://cts.nlm.nih.gov/fhir/ValueSet/2.16.840.1.113762.1.4.1248.198, GROUPED, 
http://cts.nlm.nih.gov/fhir/ValueSet/2.16.840.1.113762.1.4.1248.197, GROUPED, 
http://cts.nlm.nih.gov/fhir/ValueSet/2.16.840.1.113762.1.4.1248.8, GROUPED, 
http://cts.nlm.nih.gov/fhir/ValueSet/2.16.840.1.113762.1.4.1248.29, GROUPED, 
http://cts.nlm.nih.gov/fhir/ValueSet/2.16.840.1.113762.1.4.1248.14, GROUPED, 
http://cts.nlm.nih.gov/fhir/ValueSet/2.16.840.1.113762.1.4.1248.226, GROUPED, 
http://cts.nlm.nih.gov/fhir/ValueSet/2.16.840.1.113762.1.4.1248.201, GROUPED, 
http://cts.nlm.nih.gov/fhir/ValueSet/2.16.840.1.113762.1.4.1248.28, GROUPED, 
http://cts.nlm.nih.gov/fhir/ValueSet/2.16.840.1.113883.3.3157.4035, GROUPED, 
http://cts.nlm.nih.gov/fhir/ValueSet/2.16.840.1.113883.3.3157.4034, GROUPED, 
http://cts.nlm.nih.gov/fhir/ValueSet/2.16.840.1.113883.3.3157.4030, GROUPED, 
http://cts.nlm.nih.gov/fhir/ValueSet/2.16.840.1.113883.3.3157.4029, GROUPED, 
http://cts.nlm.nih.gov/fhir/ValueSet/2.16.840.1.113883.3.3157.4044, GROUPED, 
http://cts.nlm.nih.gov/fhir/ValueSet/2.16.840.1.113762.1.4.1136.63, GROUPED, 
http://cts.nlm.nih.gov/fhir/ValueSet/2.16.840.1.113883.3.3157.4046, GROUPED, 
http://cts.nlm.nih.gov/fhir/ValueSet/2.16.840.1.113883.3.3157.4047, GROUPED, 
http://cts.nlm.nih.gov/fhir/ValueSet/2.16.840.1.113883.3.3157.4023, GROUPED, 
http://cts.nlm.nih.gov/fhir/ValueSet/2.16.840.1.113883.3.3157.4024, GROUPED, 
http://cts.nlm.nih.gov/fhir/ValueSet/2.16.840.1.113883.17.4077.2.1018, GROUPED, 
http://cts.nlm.nih.gov/fhir/ValueSet/2.16.840.1.113883.17.4077.2.1017, GROUPED, 
http://cts.nlm.nih.gov/fhir/ValueSet/2.16.840.1.113883.3.3157.4032, GROUPED, 
http://cts.nlm.nih.gov/fhir/ValueSet/2.16.840.1.113883.3.3157.4033, GROUPED, 
http://cts.nlm.nih.gov/fhir/ValueSet/2.16.840.1.113883.3.3157.4010, GROUPED, 
http://cts.nlm.nih.gov/fhir/ValueSet/2.16.840.1.113883.3.3157.4009, GROUPED, 
http://cts.nlm.nih.gov/fhir/ValueSet/2.16.840.1.113883.3.464.1003.114.11.1026, GROUPED, 
http://cts.nlm.nih.gov/fhir/ValueSet/2.16.840.1.113883.3.464.1003.114.11.1024, GROUPED, 
http://cts.nlm.nih.gov/fhir/ValueSet/2.16.840.1.113883.3.3157.4054, GROUPED, 
http://cts.nlm.nih.gov/fhir/ValueSet/2.16.840.1.113883.3.3157.4053, GROUPED, 
http://cts.nlm.nih.gov/fhir/ValueSet/2.16.840.1.113883.3.3157.4016, GROUPED, 
http://cts.nlm.nih.gov/fhir/ValueSet/2.16.840.1.113762.1.4.1045.68, GROUPED, 
http://cts.nlm.nih.gov/fhir/ValueSet/2.16.840.1.113762.1.4.1282.10, GROUPED, 
http://cts.nlm.nih.gov/fhir/ValueSet/2.16.840.1.113883.3.666.5.747, GROUPED, 
http://cts.nlm.nih.gov/fhir/ValueSet/2.16.840.1.113762.1.4.1170.7, GROUPED, 
http://cts.nlm.nih.gov/fhir/ValueSet/2.16.840.1.113883.3.3157.4050, GROUPED, 
http://cts.nlm.nih.gov/fhir/ValueSet/2.16.840.1.113883.3.3157.4049, GROUPED, 
http://cts.nlm.nih.gov/fhir/ValueSet/2.16.840.1.113762.1.4.1282.9, GROUPED, 
http://cts.nlm.nih.gov/fhir/ValueSet/2.16.840.1.113883.3.3157.2000.2, GROUPED, 
http://cts.nlm.nih.gov/fhir/ValueSet/2.16.840.1.113883.3.3157.2000.3, GROUPED, 
http://cts.nlm.nih.gov/fhir/ValueSet/2.16.840.1.113883.3.3157.2000.1, GROUPED, 
http://cts.nlm.nih.gov/fhir/ValueSet/2.16.840.1.113883.3.3157.2000.4, GROUPED, 
